Title,URL handle,Description,Vendor,Product category,Type,Tags,Published on online store,Status,SKU,Barcode,Option1 name,Option1 value,Option1 Linked To,Option2 name,Option2 value,Option2 Linked To,Option3 name,Option3 value,Option3 Linked To,Price,Compare-at price,Cost per item,Charge tax,Tax code,Unit price total measure,Unit price total measure unit,Unit price base measure,Unit price base measure unit,Inventory tracker,Inventory quantity,Continue selling when out of stock,Weight value (grams),Weight unit for display,Requires shipping,Fulfillment service,Product image URL,Image position,Image alt text,Variant image URL,Gift card,SEO title,SEO description,Color (product.metafields.shopify.color-pattern),Google Shopping / Google product category,Google Shopping / Gender,Google Shopping / Age group,Google Shopping / Manufacturer part number (MPN),Google Shopping / Ad group name,Google Shopping / Ads labels,Google Shopping / Condition,Google Shopping / Custom product,Google Shopping / Custom label 0,Google Shopping / Custom label 1,Google Shopping / Custom label 2,Google Shopping / Custom label 3,Google Shopping / Custom label 4
Noir Atelier Browline Polarized Sunglasses,svank-8940-1,"<p><strong>SVANK Noir Atelier</strong> brings retro refined style to a browline silhouette in black and gold-tone, finished with smoky gray lenses. It is accessible high fashion designed to move easily from everyday plans to brighter escapes.</p><h3>Why you’ll love it</h3><ul><li>A browline silhouette with a retro refined point of view.</li><li>Black and gold-tone coloring makes the frame easy to style.</li><li>TAC polarized lenses help reduce reflected glare in bright conditions.</li><li>Gender-inclusive styling for men, women, and anyone who makes it their own.</li></ul><h3>Product specifications</h3><ul><li>Shape: Browline</li><li>Frame color: Black and gold-tone</li><li>Lens color: Smoky gray</li><li>Frame: TR90, metal, and acetate temple</li><li>Lenses: TAC polarized</li><li>Hinge: Metal</li><li>Audience: Men, Women, Unisex</li><li>Style code: 8940-1</li></ul><h3>Care instructions</h3><ul><li>Rinse away dust before wiping the lenses.</li><li>Clean with a soft microfiber cloth and lens-safe solution.</li><li>Avoid household cleaners, paper towels, and abrasive fabrics.</li><li>Store in a protective case and avoid prolonged high heat.</li></ul><h3>Frequently asked questions</h3><h4>Are SVANK Noir Atelier sunglasses polarized?</h4><p>Yes. This style uses TAC polarized lenses.</p><h4>Who can wear SVANK Noir Atelier?</h4><p>This is a gender-inclusive style designed for men, women, and unisex wardrobes.</p><h4>Which face shapes suit this frame?</h4><p>Browline frames emphasize the upper face and often complement round and oval faces.</p><h4>How does shipping work?</h4><p>Shipping is $5 for one pair. Buy two or more for free shipping in the US and Canada.</p>",SVANK,Apparel & Accessories > Clothing Accessories > Sunglasses,Sunglasses,"SVANK, Sunglasses, Men, Women, Unisex, Browline, Retro Refined, High Fashion, Polarized, Black, Gold, Unisex Fashion, Geometric & Browline, Black Frames, Color Frames",TRUE,Active,SVANK-8940-1,,Title,Default Title,,,,,,,,34.99,,7.25,TRUE,,,,,,shopify,2,DENY,,,TRUE,manual,https://raw.githubusercontent.com/abhaj-git/VigilantCX/ea70ae905522c4417ec33c20ebc0818b4ee046e9/shopify-products/images/svank-8940-1-1.jpg,1,SVANK 8940-1 sunglasses product image 1,,FALSE,Noir Atelier Browline Sunglasses | SVANK,"Shop SVANK Noir Atelier, retro refined browline sunglasses in black and gold-tone with smoky gray lenses. Unisex high-fashion eyewear for $34.99.",black; gold,Apparel & Accessories > Clothing Accessories > Sunglasses,Unisex,Adult (13+ years old),8940-1,,,New,FALSE,Browline,Retro Refined,Polarized,,
,svank-8940-1,,,,,,,,,,,,,,,,,,,,,,,,,,,,,,,,,,,https://raw.githubusercontent.com/abhaj-git/VigilantCX/ea70ae905522c4417ec33c20ebc0818b4ee046e9/shopify-products/images/svank-8940-1-2.jpg,2,SVANK 8940-1 sunglasses product image 2,,,,,,,,,,,,,,,,,,
,svank-8940-1,,,,,,,,,,,,,,,,,,,,,,,,,,,,,,,,,,,https://raw.githubusercontent.com/abhaj-git/VigilantCX/ea70ae905522c4417ec33c20ebc0818b4ee046e9/shopify-products/images/svank-8940-1-3.jpg,3,SVANK 8940-1 sunglasses product image 3,,,,,,,,,,,,,,,,,,
Rouge Vision Browline Polarized Sunglasses,svank-8940-5,"<p><strong>SVANK Rouge Vision</strong> brings bold retro style to a browline silhouette in red and gold-tone, finished with smoky gray lenses. It is accessible high fashion designed to move easily from everyday plans to brighter escapes.</p><h3>Why you’ll love it</h3><ul><li>A browline silhouette with a bold retro point of view.</li><li>Red and gold-tone coloring makes the frame easy to style.</li><li>TAC polarized lenses help reduce reflected glare in bright conditions.</li><li>Gender-inclusive styling for men, women, and anyone who makes it their own.</li></ul><h3>Product specifications</h3><ul><li>Shape: Browline</li><li>Frame color: Red and gold-tone</li><li>Lens color: Smoky gray</li><li>Frame: TR90, metal, and acetate temple</li><li>Lenses: TAC polarized</li><li>Hinge: Metal</li><li>Audience: Men, Women, Unisex</li><li>Style code: 8940-5</li></ul><h3>Care instructions</h3><ul><li>Rinse away dust before wiping the lenses.</li><li>Clean with a soft microfiber cloth and lens-safe solution.</li><li>Avoid household cleaners, paper towels, and abrasive fabrics.</li><li>Store in a protective case and avoid prolonged high heat.</li></ul><h3>Frequently asked questions</h3><h4>Are SVANK Rouge Vision sunglasses polarized?</h4><p>Yes. This style uses TAC polarized lenses.</p><h4>Who can wear SVANK Rouge Vision?</h4><p>This is a gender-inclusive style designed for men, women, and unisex wardrobes.</p><h4>Which face shapes suit this frame?</h4><p>Browline frames emphasize the upper face and often complement round and oval faces.</p><h4>How does shipping work?</h4><p>Shipping is $5 for one pair. Buy two or more for free shipping in the US and Canada.</p>",SVANK,Apparel & Accessories > Clothing Accessories > Sunglasses,Sunglasses,"SVANK, Sunglasses, Men, Women, Unisex, Browline, Bold Retro, High Fashion, Polarized, Red, Gold, Unisex Fashion, Geometric & Browline, Color Frames",TRUE,Active,SVANK-8940-5,,Title,Default Title,,,,,,,,34.99,,7.25,TRUE,,,,,,shopify,2,DENY,,,TRUE,manual,https://raw.githubusercontent.com/abhaj-git/VigilantCX/ea70ae905522c4417ec33c20ebc0818b4ee046e9/shopify-products/images/svank-8940-5-1.jpg,1,SVANK 8940-5 sunglasses product image 1,,FALSE,Rouge Vision Browline Sunglasses | SVANK,"Shop SVANK Rouge Vision, bold retro browline sunglasses in red and gold-tone with smoky gray lenses. Unisex high-fashion eyewear for $34.99.",red; gold,Apparel & Accessories > Clothing Accessories > Sunglasses,Unisex,Adult (13+ years old),8940-5,,,New,FALSE,Browline,Bold Retro,Polarized,,
,svank-8940-5,,,,,,,,,,,,,,,,,,,,,,,,,,,,,,,,,,,https://raw.githubusercontent.com/abhaj-git/VigilantCX/ea70ae905522c4417ec33c20ebc0818b4ee046e9/shopify-products/images/svank-8940-5-2.jpg,2,SVANK 8940-5 sunglasses product image 2,,,,,,,,,,,,,,,,,,
,svank-8940-5,,,,,,,,,,,,,,,,,,,,,,,,,,,,,,,,,,,https://raw.githubusercontent.com/abhaj-git/VigilantCX/ea70ae905522c4417ec33c20ebc0818b4ee046e9/shopify-products/images/svank-8940-5-3.jpg,3,SVANK 8940-5 sunglasses product image 3,,,,,,,,,,,,,,,,,,
Obsidian Poise D-frame Polarized Sunglasses,svank-8936-1,"<p><strong>SVANK Obsidian Poise</strong> brings modern classic style to a d-frame silhouette in black, finished with smoky gray lenses. It is accessible high fashion designed to move easily from everyday plans to brighter escapes.</p><h3>Why you’ll love it</h3><ul><li>A d-frame silhouette with a modern classic point of view.</li><li>Black coloring makes the frame easy to style.</li><li>TAC polarized lenses help reduce reflected glare in bright conditions.</li><li>Gender-inclusive styling for men, women, and anyone who makes it their own.</li></ul><h3>Product specifications</h3><ul><li>Shape: D-frame</li><li>Frame color: Black</li><li>Lens color: Smoky gray</li><li>Frame: TR90 with acetate temple</li><li>Lenses: TAC polarized</li><li>Hinge: Metal</li><li>Size: 48-22-145</li><li>Audience: Men, Women, Unisex</li><li>Style code: 8936-1</li></ul><h3>Care instructions</h3><ul><li>Rinse away dust before wiping the lenses.</li><li>Clean with a soft microfiber cloth and lens-safe solution.</li><li>Avoid household cleaners, paper towels, and abrasive fabrics.</li><li>Store in a protective case and avoid prolonged high heat.</li></ul><h3>Frequently asked questions</h3><h4>Are SVANK Obsidian Poise sunglasses polarized?</h4><p>Yes. This style uses TAC polarized lenses.</p><h4>Who can wear SVANK Obsidian Poise?</h4><p>This is a gender-inclusive style designed for men, women, and unisex wardrobes.</p><h4>Which face shapes suit this frame?</h4><p>D-frames are versatile and often complement round, oval, and heart-shaped faces.</p><h4>How does shipping work?</h4><p>Shipping is $5 for one pair. Buy two or more for free shipping in the US and Canada.</p>",SVANK,Apparel & Accessories > Clothing Accessories > Sunglasses,Sunglasses,"SVANK, Sunglasses, Men, Women, Unisex, D-frame, Modern Classic, High Fashion, Polarized, Black, Unisex Fashion, D-Frame Collection, Black Frames",TRUE,Active,SVANK-8936-1,,Title,Default Title,,,,,,,,34.99,,4.50,TRUE,,,,,,shopify,2,DENY,,,TRUE,manual,https://raw.githubusercontent.com/abhaj-git/VigilantCX/ea70ae905522c4417ec33c20ebc0818b4ee046e9/shopify-products/images/svank-8936-1-1.jpg,1,SVANK 8936-1 sunglasses product image 1,,FALSE,Obsidian Poise D-frame Sunglasses | SVANK,"Shop SVANK Obsidian Poise, modern classic d-frame sunglasses in black with smoky gray lenses. Unisex high-fashion eyewear for $34.99.",black,Apparel & Accessories > Clothing Accessories > Sunglasses,Unisex,Adult (13+ years old),8936-1,,,New,FALSE,D-frame,Modern Classic,Polarized,,
,svank-8936-1,,,,,,,,,,,,,,,,,,,,,,,,,,,,,,,,,,,https://raw.githubusercontent.com/abhaj-git/VigilantCX/ea70ae905522c4417ec33c20ebc0818b4ee046e9/shopify-products/images/svank-8936-1-2.jpg,2,SVANK 8936-1 sunglasses product image 2,,,,,,,,,,,,,,,,,,
,svank-8936-1,,,,,,,,,,,,,,,,,,,,,,,,,,,,,,,,,,,https://raw.githubusercontent.com/abhaj-git/VigilantCX/ea70ae905522c4417ec33c20ebc0818b4ee046e9/shopify-products/images/svank-8936-1-3.jpg,3,SVANK 8936-1 sunglasses product image 3,,,,,,,,,,,,,,,,,,
Blush Nouveau Cat-eye Polarized Sunglasses,svank-8934-2,"<p><strong>SVANK Blush Nouveau</strong> brings soft sculptural style to a cat-eye silhouette in translucent blush, finished with pale peach lenses. It is accessible high fashion designed to move easily from everyday plans to brighter escapes.</p><h3>Why you’ll love it</h3><ul><li>A cat-eye silhouette with a soft sculptural point of view.</li><li>Translucent blush coloring makes the frame easy to style.</li><li>TAC polarized lenses help reduce reflected glare in bright conditions.</li><li>Gender-inclusive styling for men, women, and anyone who makes it their own.</li></ul><h3>Product specifications</h3><ul><li>Shape: Cat-eye</li><li>Frame color: Translucent blush</li><li>Lens color: Pale peach</li><li>Frame: TR90 with acetate temple</li><li>Lenses: TAC polarized</li><li>Hinge: Metal</li><li>Size: 48-20-148</li><li>Audience: Men, Women, Unisex</li><li>Style code: 8934-2</li></ul><h3>Care instructions</h3><ul><li>Rinse away dust before wiping the lenses.</li><li>Clean with a soft microfiber cloth and lens-safe solution.</li><li>Avoid household cleaners, paper towels, and abrasive fabrics.</li><li>Store in a protective case and avoid prolonged high heat.</li></ul><h3>Frequently asked questions</h3><h4>Are SVANK Blush Nouveau sunglasses polarized?</h4><p>Yes. This style uses TAC polarized lenses.</p><h4>Who can wear SVANK Blush Nouveau?</h4><p>This is a gender-inclusive style designed for men, women, and unisex wardrobes.</p><h4>Which face shapes suit this frame?</h4><p>Cat-eye frames add lifted definition and often complement oval, round, and heart-shaped faces.</p><h4>How does shipping work?</h4><p>Shipping is $5 for one pair. Buy two or more for free shipping in the US and Canada.</p>",SVANK,Apparel & Accessories > Clothing Accessories > Sunglasses,Sunglasses,"SVANK, Sunglasses, Men, Women, Unisex, Cat-eye, Soft Sculptural, High Fashion, Polarized, Pink, Peach, Unisex Fashion, Cat-Eye Collection, Color Frames",TRUE,Active,SVANK-8934-2,,Title,Default Title,,,,,,,,34.99,,4.50,TRUE,,,,,,shopify,2,DENY,,,TRUE,manual,https://raw.githubusercontent.com/abhaj-git/VigilantCX/ea70ae905522c4417ec33c20ebc0818b4ee046e9/shopify-products/images/svank-8934-2-1.jpg,1,SVANK 8934-2 sunglasses product image 1,,FALSE,Blush Nouveau Cat-eye Sunglasses | SVANK,"Shop SVANK Blush Nouveau, soft sculptural cat-eye sunglasses in translucent blush with pale peach lenses. Unisex high-fashion eyewear for $34.99.",pink; peach,Apparel & Accessories > Clothing Accessories > Sunglasses,Unisex,Adult (13+ years old),8934-2,,,New,FALSE,Cat-eye,Soft Sculptural,Polarized,,
,svank-8934-2,,,,,,,,,,,,,,,,,,,,,,,,,,,,,,,,,,,https://raw.githubusercontent.com/abhaj-git/VigilantCX/ea70ae905522c4417ec33c20ebc0818b4ee046e9/shopify-products/images/svank-8934-2-2.jpg,2,SVANK 8934-2 sunglasses product image 2,,,,,,,,,,,,,,,,,,
,svank-8934-2,,,,,,,,,,,,,,,,,,,,,,,,,,,,,,,,,,,https://raw.githubusercontent.com/abhaj-git/VigilantCX/ea70ae905522c4417ec33c20ebc0818b4ee046e9/shopify-products/images/svank-8934-2-3.jpg,3,SVANK 8934-2 sunglasses product image 3,,,,,,,,,,,,,,,,,,
Verdant Muse Round Polarized Sunglasses,svank-8934-9,"<p><strong>SVANK Verdant Muse</strong> brings artistic retro style to a round silhouette in translucent green, finished with smoky gray lenses. It is accessible high fashion designed to move easily from everyday plans to brighter escapes.</p><h3>Why you’ll love it</h3><ul><li>A round silhouette with a artistic retro point of view.</li><li>Translucent green coloring makes the frame easy to style.</li><li>TAC polarized lenses help reduce reflected glare in bright conditions.</li><li>Gender-inclusive styling for men, women, and anyone who makes it their own.</li></ul><h3>Product specifications</h3><ul><li>Shape: Round</li><li>Frame color: Translucent green</li><li>Lens color: Smoky gray</li><li>Frame: TR90 with acetate temple</li><li>Lenses: TAC polarized</li><li>Hinge: Metal</li><li>Size: 48-20-148</li><li>Audience: Men, Women, Unisex</li><li>Style code: 8934-9</li></ul><h3>Care instructions</h3><ul><li>Rinse away dust before wiping the lenses.</li><li>Clean with a soft microfiber cloth and lens-safe solution.</li><li>Avoid household cleaners, paper towels, and abrasive fabrics.</li><li>Store in a protective case and avoid prolonged high heat.</li></ul><h3>Frequently asked questions</h3><h4>Are SVANK Verdant Muse sunglasses polarized?</h4><p>Yes. This style uses TAC polarized lenses.</p><h4>Who can wear SVANK Verdant Muse?</h4><p>This is a gender-inclusive style designed for men, women, and unisex wardrobes.</p><h4>Which face shapes suit this frame?</h4><p>Round frames can soften angular features and often complement square and heart-shaped faces.</p><h4>How does shipping work?</h4><p>Shipping is $5 for one pair. Buy two or more for free shipping in the US and Canada.</p>",SVANK,Apparel & Accessories > Clothing Accessories > Sunglasses,Sunglasses,"SVANK, Sunglasses, Men, Women, Unisex, Round, Artistic Retro, High Fashion, Polarized, Green, Unisex Fashion, Round & Oval, Color Frames",TRUE,Active,SVANK-8934-9,,Title,Default Title,,,,,,,,34.99,,4.50,TRUE,,,,,,shopify,2,DENY,,,TRUE,manual,https://raw.githubusercontent.com/abhaj-git/VigilantCX/ea70ae905522c4417ec33c20ebc0818b4ee046e9/shopify-products/images/svank-8934-9-1.jpg,1,SVANK 8934-9 sunglasses product image 1,,FALSE,Verdant Muse Round Sunglasses | SVANK,"Shop SVANK Verdant Muse, artistic retro round sunglasses in translucent green with smoky gray lenses. Unisex high-fashion eyewear for $34.99.",green,Apparel & Accessories > Clothing Accessories > Sunglasses,Unisex,Adult (13+ years old),8934-9,,,New,FALSE,Round,Artistic Retro,Polarized,,
,svank-8934-9,,,,,,,,,,,,,,,,,,,,,,,,,,,,,,,,,,,https://raw.githubusercontent.com/abhaj-git/VigilantCX/ea70ae905522c4417ec33c20ebc0818b4ee046e9/shopify-products/images/svank-8934-9-2.jpg,2,SVANK 8934-9 sunglasses product image 2,,,,,,,,,,,,,,,,,,
,svank-8934-9,,,,,,,,,,,,,,,,,,,,,,,,,,,,,,,,,,,https://raw.githubusercontent.com/abhaj-git/VigilantCX/ea70ae905522c4417ec33c20ebc0818b4ee046e9/shopify-products/images/svank-8934-9-3.jpg,3,SVANK 8934-9 sunglasses product image 3,,,,,,,,,,,,,,,,,,
Azure Horizon Square Polarized Sunglasses,svank-7826m-4,"<p><strong>SVANK Azure Horizon</strong> brings sport-luxe style to a square silhouette in navy, finished with blue mirrored lenses. It is accessible high fashion designed to move easily from everyday plans to brighter escapes.</p><h3>Why you’ll love it</h3><ul><li>A square silhouette with a sport-luxe point of view.</li><li>Navy coloring makes the frame easy to style.</li><li>TAC polarized lenses help reduce reflected glare in bright conditions.</li><li>Gender-inclusive styling for men, women, and anyone who makes it their own.</li></ul><h3>Product specifications</h3><ul><li>Shape: Square</li><li>Frame color: Navy</li><li>Lens color: Blue mirrored</li><li>Frame: TR90</li><li>Lenses: TAC polarized</li><li>Hinge: Metal</li><li>Size: 63-13-135</li><li>Audience: Men, Women, Unisex</li><li>Style code: 7826M-4</li></ul><h3>Care instructions</h3><ul><li>Rinse away dust before wiping the lenses.</li><li>Clean with a soft microfiber cloth and lens-safe solution.</li><li>Avoid household cleaners, paper towels, and abrasive fabrics.</li><li>Store in a protective case and avoid prolonged high heat.</li></ul><h3>Frequently asked questions</h3><h4>Are SVANK Azure Horizon sunglasses polarized?</h4><p>Yes. This style uses TAC polarized lenses.</p><h4>Who can wear SVANK Azure Horizon?</h4><p>This is a gender-inclusive style designed for men, women, and unisex wardrobes.</p><h4>Which face shapes suit this frame?</h4><p>Square frames often add definition to round and oval faces, while personal style always comes first.</p><h4>How does shipping work?</h4><p>Shipping is $5 for one pair. Buy two or more for free shipping in the US and Canada.</p>",SVANK,Apparel & Accessories > Clothing Accessories > Sunglasses,Sunglasses,"SVANK, Sunglasses, Men, Women, Unisex, Square, Sport-Luxe, High Fashion, Polarized, Blue, Unisex Fashion, Rectangle & Square, Color Frames",TRUE,Active,SVANK-7826M-4,,Title,Default Title,,,,,,,,34.99,,3.65,TRUE,,,,,,shopify,2,DENY,,,TRUE,manual,https://raw.githubusercontent.com/abhaj-git/VigilantCX/ea70ae905522c4417ec33c20ebc0818b4ee046e9/shopify-products/images/svank-7826m-4-1.jpg,1,SVANK 7826M-4 sunglasses product image 1,,FALSE,Azure Horizon Square Sunglasses | SVANK,"Shop SVANK Azure Horizon, sport-luxe square sunglasses in navy with blue mirrored lenses. Unisex high-fashion eyewear for $34.99.",blue,Apparel & Accessories > Clothing Accessories > Sunglasses,Unisex,Adult (13+ years old),7826M-4,,,New,FALSE,Square,Sport-Luxe,Polarized,,
,svank-7826m-4,,,,,,,,,,,,,,,,,,,,,,,,,,,,,,,,,,,https://raw.githubusercontent.com/abhaj-git/VigilantCX/ea70ae905522c4417ec33c20ebc0818b4ee046e9/shopify-products/images/svank-7826m-4-2.jpg,2,SVANK 7826M-4 sunglasses product image 2,,,,,,,,,,,,,,,,,,
,svank-7826m-4,,,,,,,,,,,,,,,,,,,,,,,,,,,,,,,,,,,https://raw.githubusercontent.com/abhaj-git/VigilantCX/ea70ae905522c4417ec33c20ebc0818b4ee046e9/shopify-products/images/svank-7826m-4-3.jpg,3,SVANK 7826M-4 sunglasses product image 3,,,,,,,,,,,,,,,,,,
Onyx Facet Geometric Polarized Sunglasses,svank-8961-1,"<p><strong>SVANK Onyx Facet</strong> brings architectural style to a geometric silhouette in black and gold-tone, finished with smoky gray lenses. It is accessible high fashion designed to move easily from everyday plans to brighter escapes.</p><h3>Why you’ll love it</h3><ul><li>A geometric silhouette with a architectural point of view.</li><li>Black and gold-tone coloring makes the frame easy to style.</li><li>TAC polarized lenses help reduce reflected glare in bright conditions.</li><li>Gender-inclusive styling for men, women, and anyone who makes it their own.</li></ul><h3>Product specifications</h3><ul><li>Shape: Geometric</li><li>Frame color: Black and gold-tone</li><li>Lens color: Smoky gray</li><li>Frame: TR90, metal, and acetate temple</li><li>Lenses: TAC polarized</li><li>Hinge: Metal</li><li>Audience: Men, Women, Unisex</li><li>Style code: 8961-1</li></ul><h3>Care instructions</h3><ul><li>Rinse away dust before wiping the lenses.</li><li>Clean with a soft microfiber cloth and lens-safe solution.</li><li>Avoid household cleaners, paper towels, and abrasive fabrics.</li><li>Store in a protective case and avoid prolonged high heat.</li></ul><h3>Frequently asked questions</h3><h4>Are SVANK Onyx Facet sunglasses polarized?</h4><p>Yes. This style uses TAC polarized lenses.</p><h4>Who can wear SVANK Onyx Facet?</h4><p>This is a gender-inclusive style designed for men, women, and unisex wardrobes.</p><h4>Which face shapes suit this frame?</h4><p>Geometric frames add architectural contrast and often complement round and oval faces.</p><h4>How does shipping work?</h4><p>Shipping is $5 for one pair. Buy two or more for free shipping in the US and Canada.</p>",SVANK,Apparel & Accessories > Clothing Accessories > Sunglasses,Sunglasses,"SVANK, Sunglasses, Men, Women, Unisex, Geometric, Architectural, High Fashion, Polarized, Black, Gold, Unisex Fashion, Geometric & Browline, Black Frames, Color Frames",TRUE,Active,SVANK-8961-1,,Title,Default Title,,,,,,,,34.99,,5.50,TRUE,,,,,,shopify,2,DENY,,,TRUE,manual,https://raw.githubusercontent.com/abhaj-git/VigilantCX/ea70ae905522c4417ec33c20ebc0818b4ee046e9/shopify-products/images/svank-8961-1-1.jpg,1,SVANK 8961-1 sunglasses product image 1,,FALSE,Onyx Facet Geometric Sunglasses | SVANK,"Shop SVANK Onyx Facet, architectural geometric sunglasses in black and gold-tone with smoky gray lenses. Unisex high-fashion eyewear for $34.99.",black; gold,Apparel & Accessories > Clothing Accessories > Sunglasses,Unisex,Adult (13+ years old),8961-1,,,New,FALSE,Geometric,Architectural,Polarized,,
,svank-8961-1,,,,,,,,,,,,,,,,,,,,,,,,,,,,,,,,,,,https://raw.githubusercontent.com/abhaj-git/VigilantCX/ea70ae905522c4417ec33c20ebc0818b4ee046e9/shopify-products/images/svank-8961-1-2.jpg,2,SVANK 8961-1 sunglasses product image 2,,,,,,,,,,,,,,,,,,
,svank-8961-1,,,,,,,,,,,,,,,,,,,,,,,,,,,,,,,,,,,https://raw.githubusercontent.com/abhaj-git/VigilantCX/ea70ae905522c4417ec33c20ebc0818b4ee046e9/shopify-products/images/svank-8961-1-3.jpg,3,SVANK 8961-1 sunglasses product image 3,,,,,,,,,,,,,,,,,,
Apricot Prism Geometric Polarized Sunglasses,svank-8961-2,"<p><strong>SVANK Apricot Prism</strong> brings artistic angular style to a geometric silhouette in blush and gold-tone, finished with amber lenses. It is accessible high fashion designed to move easily from everyday plans to brighter escapes.</p><h3>Why you’ll love it</h3><ul><li>A geometric silhouette with a artistic angular point of view.</li><li>Blush and gold-tone coloring makes the frame easy to style.</li><li>TAC polarized lenses help reduce reflected glare in bright conditions.</li><li>Gender-inclusive styling for men, women, and anyone who makes it their own.</li></ul><h3>Product specifications</h3><ul><li>Shape: Geometric</li><li>Frame color: Blush and gold-tone</li><li>Lens color: Amber</li><li>Frame: TR90, metal, and acetate temple</li><li>Lenses: TAC polarized</li><li>Hinge: Metal</li><li>Audience: Men, Women, Unisex</li><li>Style code: 8961-2</li></ul><h3>Care instructions</h3><ul><li>Rinse away dust before wiping the lenses.</li><li>Clean with a soft microfiber cloth and lens-safe solution.</li><li>Avoid household cleaners, paper towels, and abrasive fabrics.</li><li>Store in a protective case and avoid prolonged high heat.</li></ul><h3>Frequently asked questions</h3><h4>Are SVANK Apricot Prism sunglasses polarized?</h4><p>Yes. This style uses TAC polarized lenses.</p><h4>Who can wear SVANK Apricot Prism?</h4><p>This is a gender-inclusive style designed for men, women, and unisex wardrobes.</p><h4>Which face shapes suit this frame?</h4><p>Geometric frames add architectural contrast and often complement round and oval faces.</p><h4>How does shipping work?</h4><p>Shipping is $5 for one pair. Buy two or more for free shipping in the US and Canada.</p>",SVANK,Apparel & Accessories > Clothing Accessories > Sunglasses,Sunglasses,"SVANK, Sunglasses, Men, Women, Unisex, Geometric, Artistic Angular, High Fashion, Polarized, Pink, Gold, Orange, Unisex Fashion, Geometric & Browline, Color Frames",TRUE,Active,SVANK-8961-2,,Title,Default Title,,,,,,,,34.99,,5.50,TRUE,,,,,,shopify,2,DENY,,,TRUE,manual,https://raw.githubusercontent.com/abhaj-git/VigilantCX/ea70ae905522c4417ec33c20ebc0818b4ee046e9/shopify-products/images/svank-8961-2-1.jpg,1,SVANK 8961-2 sunglasses product image 1,,FALSE,Apricot Prism Geometric Sunglasses | SVANK,"Shop SVANK Apricot Prism, artistic angular geometric sunglasses in blush and gold-tone with amber lenses. Unisex high-fashion eyewear for $34.99.",pink; gold; orange,Apparel & Accessories > Clothing Accessories > Sunglasses,Unisex,Adult (13+ years old),8961-2,,,New,FALSE,Geometric,Artistic Angular,Polarized,,
,svank-8961-2,,,,,,,,,,,,,,,,,,,,,,,,,,,,,,,,,,,https://raw.githubusercontent.com/abhaj-git/VigilantCX/ea70ae905522c4417ec33c20ebc0818b4ee046e9/shopify-products/images/svank-8961-2-2.jpg,2,SVANK 8961-2 sunglasses product image 2,,,,,,,,,,,,,,,,,,
,svank-8961-2,,,,,,,,,,,,,,,,,,,,,,,,,,,,,,,,,,,https://raw.githubusercontent.com/abhaj-git/VigilantCX/ea70ae905522c4417ec33c20ebc0818b4ee046e9/shopify-products/images/svank-8961-2-3.jpg,3,SVANK 8961-2 sunglasses product image 3,,,,,,,,,,,,,,,,,,
Noir Meridian Geometric Polarized Sunglasses,svank-8960-1,"<p><strong>SVANK Noir Meridian</strong> brings refined angular style to a geometric silhouette in black and gold-tone, finished with smoky gray lenses. It is accessible high fashion designed to move easily from everyday plans to brighter escapes.</p><h3>Why you’ll love it</h3><ul><li>A geometric silhouette with a refined angular point of view.</li><li>Black and gold-tone coloring makes the frame easy to style.</li><li>TAC polarized lenses help reduce reflected glare in bright conditions.</li><li>Gender-inclusive styling for men, women, and anyone who makes it their own.</li></ul><h3>Product specifications</h3><ul><li>Shape: Geometric</li><li>Frame color: Black and gold-tone</li><li>Lens color: Smoky gray</li><li>Frame: TR90, metal, and acetate temple</li><li>Lenses: TAC polarized</li><li>Hinge: Metal</li><li>Audience: Men, Women, Unisex</li><li>Style code: 8960-1</li></ul><h3>Care instructions</h3><ul><li>Rinse away dust before wiping the lenses.</li><li>Clean with a soft microfiber cloth and lens-safe solution.</li><li>Avoid household cleaners, paper towels, and abrasive fabrics.</li><li>Store in a protective case and avoid prolonged high heat.</li></ul><h3>Frequently asked questions</h3><h4>Are SVANK Noir Meridian sunglasses polarized?</h4><p>Yes. This style uses TAC polarized lenses.</p><h4>Who can wear SVANK Noir Meridian?</h4><p>This is a gender-inclusive style designed for men, women, and unisex wardrobes.</p><h4>Which face shapes suit this frame?</h4><p>Geometric frames add architectural contrast and often complement round and oval faces.</p><h4>How does shipping work?</h4><p>Shipping is $5 for one pair. Buy two or more for free shipping in the US and Canada.</p>",SVANK,Apparel & Accessories > Clothing Accessories > Sunglasses,Sunglasses,"SVANK, Sunglasses, Men, Women, Unisex, Geometric, Refined Angular, High Fashion, Polarized, Black, Gold, Unisex Fashion, Geometric & Browline, Black Frames, Color Frames",TRUE,Active,SVANK-8960-1,,Title,Default Title,,,,,,,,34.99,,5.50,TRUE,,,,,,shopify,2,DENY,,,TRUE,manual,https://raw.githubusercontent.com/abhaj-git/VigilantCX/ea70ae905522c4417ec33c20ebc0818b4ee046e9/shopify-products/images/svank-8960-1-1.jpg,1,SVANK 8960-1 sunglasses product image 1,,FALSE,Noir Meridian Geometric Sunglasses | SVANK,"Shop SVANK Noir Meridian, refined angular geometric sunglasses in black and gold-tone with smoky gray lenses. Unisex high-fashion eyewear for $34.99.",black; gold,Apparel & Accessories > Clothing Accessories > Sunglasses,Unisex,Adult (13+ years old),8960-1,,,New,FALSE,Geometric,Refined Angular,Polarized,,
,svank-8960-1,,,,,,,,,,,,,,,,,,,,,,,,,,,,,,,,,,,https://raw.githubusercontent.com/abhaj-git/VigilantCX/ea70ae905522c4417ec33c20ebc0818b4ee046e9/shopify-products/images/svank-8960-1-2.jpg,2,SVANK 8960-1 sunglasses product image 2,,,,,,,,,,,,,,,,,,
,svank-8960-1,,,,,,,,,,,,,,,,,,,,,,,,,,,,,,,,,,,https://raw.githubusercontent.com/abhaj-git/VigilantCX/ea70ae905522c4417ec33c20ebc0818b4ee046e9/shopify-products/images/svank-8960-1-3.jpg,3,SVANK 8960-1 sunglasses product image 3,,,,,,,,,,,,,,,,,,
Lilac Geometry Geometric Polarized Sunglasses,svank-8960-8,"<p><strong>SVANK Lilac Geometry</strong> brings lightweight avant-garde style to a geometric silhouette in silver-tone, finished with lavender lenses. It is accessible high fashion designed to move easily from everyday plans to brighter escapes.</p><h3>Why you’ll love it</h3><ul><li>A geometric silhouette with a lightweight avant-garde point of view.</li><li>Silver-tone coloring makes the frame easy to style.</li><li>TAC polarized lenses help reduce reflected glare in bright conditions.</li><li>Gender-inclusive styling for men, women, and anyone who makes it their own.</li></ul><h3>Product specifications</h3><ul><li>Shape: Geometric</li><li>Frame color: Silver-tone</li><li>Lens color: Lavender</li><li>Frame: TR90, metal, and acetate temple</li><li>Lenses: TAC polarized</li><li>Hinge: Metal</li><li>Audience: Men, Women, Unisex</li><li>Style code: 8960-8</li></ul><h3>Care instructions</h3><ul><li>Rinse away dust before wiping the lenses.</li><li>Clean with a soft microfiber cloth and lens-safe solution.</li><li>Avoid household cleaners, paper towels, and abrasive fabrics.</li><li>Store in a protective case and avoid prolonged high heat.</li></ul><h3>Frequently asked questions</h3><h4>Are SVANK Lilac Geometry sunglasses polarized?</h4><p>Yes. This style uses TAC polarized lenses.</p><h4>Who can wear SVANK Lilac Geometry?</h4><p>This is a gender-inclusive style designed for men, women, and unisex wardrobes.</p><h4>Which face shapes suit this frame?</h4><p>Geometric frames add architectural contrast and often complement round and oval faces.</p><h4>How does shipping work?</h4><p>Shipping is $5 for one pair. Buy two or more for free shipping in the US and Canada.</p>",SVANK,Apparel & Accessories > Clothing Accessories > Sunglasses,Sunglasses,"SVANK, Sunglasses, Men, Women, Unisex, Geometric, Lightweight Avant-Garde, High Fashion, Polarized, Silver, Purple, Unisex Fashion, Geometric & Browline, Color Frames",TRUE,Active,SVANK-8960-8,,Title,Default Title,,,,,,,,34.99,,5.50,TRUE,,,,,,shopify,2,DENY,,,TRUE,manual,https://raw.githubusercontent.com/abhaj-git/VigilantCX/ea70ae905522c4417ec33c20ebc0818b4ee046e9/shopify-products/images/svank-8960-8-1.jpg,1,SVANK 8960-8 sunglasses product image 1,,FALSE,Lilac Geometry Geometric Sunglasses | SVANK,"Shop SVANK Lilac Geometry, lightweight avant-garde geometric sunglasses in silver-tone with lavender lenses. Unisex high-fashion eyewear for $34.99.",silver; purple,Apparel & Accessories > Clothing Accessories > Sunglasses,Unisex,Adult (13+ years old),8960-8,,,New,FALSE,Geometric,Lightweight Avant-Garde,Polarized,,
,svank-8960-8,,,,,,,,,,,,,,,,,,,,,,,,,,,,,,,,,,,https://raw.githubusercontent.com/abhaj-git/VigilantCX/ea70ae905522c4417ec33c20ebc0818b4ee046e9/shopify-products/images/svank-8960-8-2.jpg,2,SVANK 8960-8 sunglasses product image 2,,,,,,,,,,,,,,,,,,
,svank-8960-8,,,,,,,,,,,,,,,,,,,,,,,,,,,,,,,,,,,https://raw.githubusercontent.com/abhaj-git/VigilantCX/ea70ae905522c4417ec33c20ebc0818b4ee046e9/shopify-products/images/svank-8960-8-3.jpg,3,SVANK 8960-8 sunglasses product image 3,,,,,,,,,,,,,,,,,,
Midnight Monolith Rectangle Polarized Sunglasses,svank-8938-1,"<p><strong>SVANK Midnight Monolith</strong> brings bold minimalist style to a rectangle silhouette in black, finished with smoky gray lenses. It is accessible high fashion designed to move easily from everyday plans to brighter escapes.</p><h3>Why you’ll love it</h3><ul><li>A rectangle silhouette with a bold minimalist point of view.</li><li>Black coloring makes the frame easy to style.</li><li>TAC polarized lenses help reduce reflected glare in bright conditions.</li><li>Gender-inclusive styling for men, women, and anyone who makes it their own.</li></ul><h3>Product specifications</h3><ul><li>Shape: Rectangle</li><li>Frame color: Black</li><li>Lens color: Smoky gray</li><li>Frame: TR90 with acetate temple</li><li>Lenses: TAC polarized</li><li>Hinge: Metal</li><li>Size: 51-19-145</li><li>Audience: Men, Women, Unisex</li><li>Style code: 8938-1</li></ul><h3>Care instructions</h3><ul><li>Rinse away dust before wiping the lenses.</li><li>Clean with a soft microfiber cloth and lens-safe solution.</li><li>Avoid household cleaners, paper towels, and abrasive fabrics.</li><li>Store in a protective case and avoid prolonged high heat.</li></ul><h3>Frequently asked questions</h3><h4>Are SVANK Midnight Monolith sunglasses polarized?</h4><p>Yes. This style uses TAC polarized lenses.</p><h4>Who can wear SVANK Midnight Monolith?</h4><p>This is a gender-inclusive style designed for men, women, and unisex wardrobes.</p><h4>Which face shapes suit this frame?</h4><p>Rectangle frames often create crisp contrast on round and oval faces, while personal style always comes first.</p><h4>How does shipping work?</h4><p>Shipping is $5 for one pair. Buy two or more for free shipping in the US and Canada.</p>",SVANK,Apparel & Accessories > Clothing Accessories > Sunglasses,Sunglasses,"SVANK, Sunglasses, Men, Women, Unisex, Rectangle, Bold Minimalist, High Fashion, Polarized, Black, Unisex Fashion, Rectangle & Square, Black Frames",TRUE,Active,SVANK-8938-1,,Title,Default Title,,,,,,,,34.99,,4.50,TRUE,,,,,,shopify,2,DENY,,,TRUE,manual,https://raw.githubusercontent.com/abhaj-git/VigilantCX/ea70ae905522c4417ec33c20ebc0818b4ee046e9/shopify-products/images/svank-8938-1-1.jpg,1,SVANK 8938-1 sunglasses product image 1,,FALSE,Midnight Monolith Rectangle Sunglasses | SVANK,"Shop SVANK Midnight Monolith, bold minimalist rectangle sunglasses in black with smoky gray lenses. Unisex high-fashion eyewear for $34.99.",black,Apparel & Accessories > Clothing Accessories > Sunglasses,Unisex,Adult (13+ years old),8938-1,,,New,FALSE,Rectangle,Bold Minimalist,Polarized,,
,svank-8938-1,,,,,,,,,,,,,,,,,,,,,,,,,,,,,,,,,,,https://raw.githubusercontent.com/abhaj-git/VigilantCX/ea70ae905522c4417ec33c20ebc0818b4ee046e9/shopify-products/images/svank-8938-1-2.jpg,2,SVANK 8938-1 sunglasses product image 2,,,,,,,,,,,,,,,,,,
,svank-8938-1,,,,,,,,,,,,,,,,,,,,,,,,,,,,,,,,,,,https://raw.githubusercontent.com/abhaj-git/VigilantCX/ea70ae905522c4417ec33c20ebc0818b4ee046e9/shopify-products/images/svank-8938-1-3.jpg,3,SVANK 8938-1 sunglasses product image 3,,,,,,,,,,,,,,,,,,
Noir Cadence Rectangle Sunglasses,svank-8902-1,"<p><strong>SVANK Noir Cadence</strong> brings slim contemporary style to a rectangle silhouette in black, finished with smoky gray lenses. It is accessible high fashion designed to move easily from everyday plans to brighter escapes.</p><h3>Why you’ll love it</h3><ul><li>A rectangle silhouette with a slim contemporary point of view.</li><li>Black coloring makes the frame easy to style.</li><li>Nylon lenses provide a clean, lightweight finish.</li><li>Gender-inclusive styling for men, women, and anyone who makes it their own.</li></ul><h3>Product specifications</h3><ul><li>Shape: Rectangle</li><li>Frame color: Black</li><li>Lens color: Smoky gray</li><li>Frame: TR90 with acetate temple</li><li>Lenses: Nylon</li><li>Hinge: Metal</li><li>Audience: Men, Women, Unisex</li><li>Style code: 8902-1</li></ul><h3>Care instructions</h3><ul><li>Rinse away dust before wiping the lenses.</li><li>Clean with a soft microfiber cloth and lens-safe solution.</li><li>Avoid household cleaners, paper towels, and abrasive fabrics.</li><li>Store in a protective case and avoid prolonged high heat.</li></ul><h3>Frequently asked questions</h3><h4>What type of lenses does SVANK Noir Cadence use?</h4><p>This style uses nylon lenses; polarization is not specified for this model.</p><h4>Who can wear SVANK Noir Cadence?</h4><p>This is a gender-inclusive style designed for men, women, and unisex wardrobes.</p><h4>Which face shapes suit this frame?</h4><p>Rectangle frames often create crisp contrast on round and oval faces, while personal style always comes first.</p><h4>How does shipping work?</h4><p>Shipping is $5 for one pair. Buy two or more for free shipping in the US and Canada.</p>",SVANK,Apparel & Accessories > Clothing Accessories > Sunglasses,Sunglasses,"SVANK, Sunglasses, Men, Women, Unisex, Rectangle, Slim Contemporary, High Fashion, Black, Unisex Fashion, Rectangle & Square, Black Frames",TRUE,Active,SVANK-8902-1,,Title,Default Title,,,,,,,,34.99,,4.50,TRUE,,,,,,shopify,2,DENY,,,TRUE,manual,https://raw.githubusercontent.com/abhaj-git/VigilantCX/ea70ae905522c4417ec33c20ebc0818b4ee046e9/shopify-products/images/svank-8902-1-1.jpg,1,SVANK 8902-1 sunglasses product image 1,,FALSE,Noir Cadence Rectangle Sunglasses | SVANK,"Shop SVANK Noir Cadence, slim contemporary rectangle sunglasses in black with smoky gray lenses. Unisex high-fashion eyewear for $34.99.",black,Apparel & Accessories > Clothing Accessories > Sunglasses,Unisex,Adult (13+ years old),8902-1,,,New,FALSE,Rectangle,Slim Contemporary,Nylon Lens,,
,svank-8902-1,,,,,,,,,,,,,,,,,,,,,,,,,,,,,,,,,,,https://raw.githubusercontent.com/abhaj-git/VigilantCX/ea70ae905522c4417ec33c20ebc0818b4ee046e9/shopify-products/images/svank-8902-1-2.jpg,2,SVANK 8902-1 sunglasses product image 2,,,,,,,,,,,,,,,,,,
,svank-8902-1,,,,,,,,,,,,,,,,,,,,,,,,,,,,,,,,,,,https://raw.githubusercontent.com/abhaj-git/VigilantCX/ea70ae905522c4417ec33c20ebc0818b4ee046e9/shopify-products/images/svank-8902-1-3.jpg,3,SVANK 8902-1 sunglasses product image 3,,,,,,,,,,,,,,,,,,
Shadow Elan D-frame Polarized Sunglasses,svank-8947-1,"<p><strong>SVANK Shadow Elan</strong> brings timeless modern style to a d-frame silhouette in black, finished with smoky gray lenses. It is accessible high fashion designed to move easily from everyday plans to brighter escapes.</p><h3>Why you’ll love it</h3><ul><li>A d-frame silhouette with a timeless modern point of view.</li><li>Black coloring makes the frame easy to style.</li><li>TAC polarized lenses help reduce reflected glare in bright conditions.</li><li>Gender-inclusive styling for men, women, and anyone who makes it their own.</li></ul><h3>Product specifications</h3><ul><li>Shape: D-frame</li><li>Frame color: Black</li><li>Lens color: Smoky gray</li><li>Frame: TR90 with acetate temple</li><li>Lenses: TAC polarized</li><li>Hinge: Metal</li><li>Size: 50-22-145</li><li>Audience: Men, Women, Unisex</li><li>Style code: 8947-1</li></ul><h3>Care instructions</h3><ul><li>Rinse away dust before wiping the lenses.</li><li>Clean with a soft microfiber cloth and lens-safe solution.</li><li>Avoid household cleaners, paper towels, and abrasive fabrics.</li><li>Store in a protective case and avoid prolonged high heat.</li></ul><h3>Frequently asked questions</h3><h4>Are SVANK Shadow Elan sunglasses polarized?</h4><p>Yes. This style uses TAC polarized lenses.</p><h4>Who can wear SVANK Shadow Elan?</h4><p>This is a gender-inclusive style designed for men, women, and unisex wardrobes.</p><h4>Which face shapes suit this frame?</h4><p>D-frames are versatile and often complement round, oval, and heart-shaped faces.</p><h4>How does shipping work?</h4><p>Shipping is $5 for one pair. Buy two or more for free shipping in the US and Canada.</p>",SVANK,Apparel & Accessories > Clothing Accessories > Sunglasses,Sunglasses,"SVANK, Sunglasses, Men, Women, Unisex, D-frame, Timeless Modern, High Fashion, Polarized, Black, Unisex Fashion, D-Frame Collection, Black Frames",TRUE,Active,SVANK-8947-1,,Title,Default Title,,,,,,,,34.99,,4.50,TRUE,,,,,,shopify,2,DENY,,,TRUE,manual,https://raw.githubusercontent.com/abhaj-git/VigilantCX/ea70ae905522c4417ec33c20ebc0818b4ee046e9/shopify-products/images/svank-8947-1-1.jpg,1,SVANK 8947-1 sunglasses product image 1,,FALSE,Shadow Elan D-frame Sunglasses | SVANK,"Shop SVANK Shadow Elan, timeless modern d-frame sunglasses in black with smoky gray lenses. Unisex high-fashion eyewear for $34.99.",black,Apparel & Accessories > Clothing Accessories > Sunglasses,Unisex,Adult (13+ years old),8947-1,,,New,FALSE,D-frame,Timeless Modern,Polarized,,
,svank-8947-1,,,,,,,,,,,,,,,,,,,,,,,,,,,,,,,,,,,https://raw.githubusercontent.com/abhaj-git/VigilantCX/ea70ae905522c4417ec33c20ebc0818b4ee046e9/shopify-products/images/svank-8947-1-2.jpg,2,SVANK 8947-1 sunglasses product image 2,,,,,,,,,,,,,,,,,,
,svank-8947-1,,,,,,,,,,,,,,,,,,,,,,,,,,,,,,,,,,,https://raw.githubusercontent.com/abhaj-git/VigilantCX/ea70ae905522c4417ec33c20ebc0818b4ee046e9/shopify-products/images/svank-8947-1-3.jpg,3,SVANK 8947-1 sunglasses product image 3,,,,,,,,,,,,,,,,,,
Amber Archive Square Polarized Sunglasses,svank-8918-3,"<p><strong>SVANK Amber Archive</strong> brings vintage intellectual style to a square silhouette in amber tortoiseshell, finished with gray-green lenses. It is accessible high fashion designed to move easily from everyday plans to brighter escapes.</p><h3>Why you’ll love it</h3><ul><li>A square silhouette with a vintage intellectual point of view.</li><li>Amber tortoiseshell coloring makes the frame easy to style.</li><li>TAC polarized lenses help reduce reflected glare in bright conditions.</li><li>Gender-inclusive styling for men, women, and anyone who makes it their own.</li></ul><h3>Product specifications</h3><ul><li>Shape: Square</li><li>Frame color: Amber tortoiseshell</li><li>Lens color: Gray-green</li><li>Frame: TR90 with acetate temple</li><li>Lenses: TAC polarized</li><li>Hinge: Metal</li><li>Size: 44-27-145</li><li>Audience: Men, Women, Unisex</li><li>Style code: 8918-3</li></ul><h3>Care instructions</h3><ul><li>Rinse away dust before wiping the lenses.</li><li>Clean with a soft microfiber cloth and lens-safe solution.</li><li>Avoid household cleaners, paper towels, and abrasive fabrics.</li><li>Store in a protective case and avoid prolonged high heat.</li></ul><h3>Frequently asked questions</h3><h4>Are SVANK Amber Archive sunglasses polarized?</h4><p>Yes. This style uses TAC polarized lenses.</p><h4>Who can wear SVANK Amber Archive?</h4><p>This is a gender-inclusive style designed for men, women, and unisex wardrobes.</p><h4>Which face shapes suit this frame?</h4><p>Square frames often add definition to round and oval faces, while personal style always comes first.</p><h4>How does shipping work?</h4><p>Shipping is $5 for one pair. Buy two or more for free shipping in the US and Canada.</p>",SVANK,Apparel & Accessories > Clothing Accessories > Sunglasses,Sunglasses,"SVANK, Sunglasses, Men, Women, Unisex, Square, Vintage Intellectual, High Fashion, Polarized, Brown, Tortoise, Unisex Fashion, Rectangle & Square, Color Frames",TRUE,Active,SVANK-8918-3,,Title,Default Title,,,,,,,,34.99,,4.50,TRUE,,,,,,shopify,2,DENY,,,TRUE,manual,https://raw.githubusercontent.com/abhaj-git/VigilantCX/ea70ae905522c4417ec33c20ebc0818b4ee046e9/shopify-products/images/svank-8918-3-1.jpg,1,SVANK 8918-3 sunglasses product image 1,,FALSE,Amber Archive Square Sunglasses | SVANK,"Shop SVANK Amber Archive, vintage intellectual square sunglasses in amber tortoiseshell with gray-green lenses. Unisex high-fashion eyewear for $34.99.",brown; tortoise,Apparel & Accessories > Clothing Accessories > Sunglasses,Unisex,Adult (13+ years old),8918-3,,,New,FALSE,Square,Vintage Intellectual,Polarized,,
,svank-8918-3,,,,,,,,,,,,,,,,,,,,,,,,,,,,,,,,,,,https://raw.githubusercontent.com/abhaj-git/VigilantCX/ea70ae905522c4417ec33c20ebc0818b4ee046e9/shopify-products/images/svank-8918-3-2.jpg,2,SVANK 8918-3 sunglasses product image 2,,,,,,,,,,,,,,,,,,
,svank-8918-3,,,,,,,,,,,,,,,,,,,,,,,,,,,,,,,,,,,https://raw.githubusercontent.com/abhaj-git/VigilantCX/ea70ae905522c4417ec33c20ebc0818b4ee046e9/shopify-products/images/svank-8918-3-3.jpg,3,SVANK 8918-3 sunglasses product image 3,,,,,,,,,,,,,,,,,,
Rose Artistry Rectangle Polarized Sunglasses,svank-8918-10,"<p><strong>SVANK Rose Artistry</strong> brings playful refined style to a rectangle silhouette in blush pink and tortoiseshell, finished with smoky gray lenses. It is accessible high fashion designed to move easily from everyday plans to brighter escapes.</p><h3>Why you’ll love it</h3><ul><li>A rectangle silhouette with a playful refined point of view.</li><li>Blush pink and tortoiseshell coloring makes the frame easy to style.</li><li>TAC polarized lenses help reduce reflected glare in bright conditions.</li><li>Gender-inclusive styling for men, women, and anyone who makes it their own.</li></ul><h3>Product specifications</h3><ul><li>Shape: Rectangle</li><li>Frame color: Blush pink and tortoiseshell</li><li>Lens color: Smoky gray</li><li>Frame: TR90 with acetate temple</li><li>Lenses: TAC polarized</li><li>Hinge: Metal</li><li>Size: 44-27-145</li><li>Audience: Men, Women, Unisex</li><li>Style code: 8918-10</li></ul><h3>Care instructions</h3><ul><li>Rinse away dust before wiping the lenses.</li><li>Clean with a soft microfiber cloth and lens-safe solution.</li><li>Avoid household cleaners, paper towels, and abrasive fabrics.</li><li>Store in a protective case and avoid prolonged high heat.</li></ul><h3>Frequently asked questions</h3><h4>Are SVANK Rose Artistry sunglasses polarized?</h4><p>Yes. This style uses TAC polarized lenses.</p><h4>Who can wear SVANK Rose Artistry?</h4><p>This is a gender-inclusive style designed for men, women, and unisex wardrobes.</p><h4>Which face shapes suit this frame?</h4><p>Rectangle frames often create crisp contrast on round and oval faces, while personal style always comes first.</p><h4>How does shipping work?</h4><p>Shipping is $5 for one pair. Buy two or more for free shipping in the US and Canada.</p>",SVANK,Apparel & Accessories > Clothing Accessories > Sunglasses,Sunglasses,"SVANK, Sunglasses, Men, Women, Unisex, Rectangle, Playful Refined, High Fashion, Polarized, Pink, Tortoise, Unisex Fashion, Rectangle & Square, Color Frames",TRUE,Active,SVANK-8918-10,,Title,Default Title,,,,,,,,34.99,,4.50,TRUE,,,,,,shopify,2,DENY,,,TRUE,manual,https://raw.githubusercontent.com/abhaj-git/VigilantCX/ea70ae905522c4417ec33c20ebc0818b4ee046e9/shopify-products/images/svank-8918-10-1.jpg,1,SVANK 8918-10 sunglasses product image 1,,FALSE,Rose Artistry Rectangle Sunglasses | SVANK,"Shop SVANK Rose Artistry, playful refined rectangle sunglasses in blush pink and tortoiseshell with smoky gray lenses. Unisex high-fashion eyewear for $34.99.",pink; tortoise,Apparel & Accessories > Clothing Accessories > Sunglasses,Unisex,Adult (13+ years old),8918-10,,,New,FALSE,Rectangle,Playful Refined,Polarized,,
,svank-8918-10,,,,,,,,,,,,,,,,,,,,,,,,,,,,,,,,,,,https://raw.githubusercontent.com/abhaj-git/VigilantCX/ea70ae905522c4417ec33c20ebc0818b4ee046e9/shopify-products/images/svank-8918-10-2.jpg,2,SVANK 8918-10 sunglasses product image 2,,,,,,,,,,,,,,,,,,
,svank-8918-10,,,,,,,,,,,,,,,,,,,,,,,,,,,,,,,,,,,https://raw.githubusercontent.com/abhaj-git/VigilantCX/ea70ae905522c4417ec33c20ebc0818b4ee046e9/shopify-products/images/svank-8918-10-3.jpg,3,SVANK 8918-10 sunglasses product image 3,,,,,,,,,,,,,,,,,,
Obsidian Kraft Rectangle Polarized Sunglasses,svank-8949-1,"<p><strong>SVANK Obsidian Kraft</strong> brings angular statement style to a rectangle silhouette in black, finished with smoky gray lenses. It is accessible high fashion designed to move easily from everyday plans to brighter escapes.</p><h3>Why you’ll love it</h3><ul><li>A rectangle silhouette with a angular statement point of view.</li><li>Black coloring makes the frame easy to style.</li><li>TAC polarized lenses help reduce reflected glare in bright conditions.</li><li>Gender-inclusive styling for men, women, and anyone who makes it their own.</li></ul><h3>Product specifications</h3><ul><li>Shape: Rectangle</li><li>Frame color: Black</li><li>Lens color: Smoky gray</li><li>Frame: TR90 with acetate temple</li><li>Lenses: TAC polarized</li><li>Hinge: Metal</li><li>Size: 51-21-145</li><li>Audience: Men, Women, Unisex</li><li>Style code: 8949-1</li></ul><h3>Care instructions</h3><ul><li>Rinse away dust before wiping the lenses.</li><li>Clean with a soft microfiber cloth and lens-safe solution.</li><li>Avoid household cleaners, paper towels, and abrasive fabrics.</li><li>Store in a protective case and avoid prolonged high heat.</li></ul><h3>Frequently asked questions</h3><h4>Are SVANK Obsidian Kraft sunglasses polarized?</h4><p>Yes. This style uses TAC polarized lenses.</p><h4>Who can wear SVANK Obsidian Kraft?</h4><p>This is a gender-inclusive style designed for men, women, and unisex wardrobes.</p><h4>Which face shapes suit this frame?</h4><p>Rectangle frames often create crisp contrast on round and oval faces, while personal style always comes first.</p><h4>How does shipping work?</h4><p>Shipping is $5 for one pair. Buy two or more for free shipping in the US and Canada.</p>",SVANK,Apparel & Accessories > Clothing Accessories > Sunglasses,Sunglasses,"SVANK, Sunglasses, Men, Women, Unisex, Rectangle, Angular Statement, High Fashion, Polarized, Black, Unisex Fashion, Rectangle & Square, Black Frames",TRUE,Active,SVANK-8949-1,,Title,Default Title,,,,,,,,34.99,,4.50,TRUE,,,,,,shopify,2,DENY,,,TRUE,manual,https://raw.githubusercontent.com/abhaj-git/VigilantCX/ea70ae905522c4417ec33c20ebc0818b4ee046e9/shopify-products/images/svank-8949-1-1.jpg,1,SVANK 8949-1 sunglasses product image 1,,FALSE,Obsidian Kraft Rectangle Sunglasses | SVANK,"Shop SVANK Obsidian Kraft, angular statement rectangle sunglasses in black with smoky gray lenses. Unisex high-fashion eyewear for $34.99.",black,Apparel & Accessories > Clothing Accessories > Sunglasses,Unisex,Adult (13+ years old),8949-1,,,New,FALSE,Rectangle,Angular Statement,Polarized,,
,svank-8949-1,,,,,,,,,,,,,,,,,,,,,,,,,,,,,,,,,,,https://raw.githubusercontent.com/abhaj-git/VigilantCX/ea70ae905522c4417ec33c20ebc0818b4ee046e9/shopify-products/images/svank-8949-1-2.jpg,2,SVANK 8949-1 sunglasses product image 2,,,,,,,,,,,,,,,,,,
,svank-8949-1,,,,,,,,,,,,,,,,,,,,,,,,,,,,,,,,,,,https://raw.githubusercontent.com/abhaj-git/VigilantCX/ea70ae905522c4417ec33c20ebc0818b4ee046e9/shopify-products/images/svank-8949-1-3.jpg,3,SVANK 8949-1 sunglasses product image 3,,,,,,,,,,,,,,,,,,
Sienna Gallery Square Polarized Sunglasses,svank-8949-2,"<p><strong>SVANK Sienna Gallery</strong> brings bold artistic style to a square silhouette in translucent orange, finished with warm brown lenses. It is accessible high fashion designed to move easily from everyday plans to brighter escapes.</p><h3>Why you’ll love it</h3><ul><li>A square silhouette with a bold artistic point of view.</li><li>Translucent orange coloring makes the frame easy to style.</li><li>TAC polarized lenses help reduce reflected glare in bright conditions.</li><li>Gender-inclusive styling for men, women, and anyone who makes it their own.</li></ul><h3>Product specifications</h3><ul><li>Shape: Square</li><li>Frame color: Translucent orange</li><li>Lens color: Warm brown</li><li>Frame: TR90 with acetate temple</li><li>Lenses: TAC polarized</li><li>Hinge: Metal</li><li>Size: 51-21-145</li><li>Audience: Men, Women, Unisex</li><li>Style code: 8949-2</li></ul><h3>Care instructions</h3><ul><li>Rinse away dust before wiping the lenses.</li><li>Clean with a soft microfiber cloth and lens-safe solution.</li><li>Avoid household cleaners, paper towels, and abrasive fabrics.</li><li>Store in a protective case and avoid prolonged high heat.</li></ul><h3>Frequently asked questions</h3><h4>Are SVANK Sienna Gallery sunglasses polarized?</h4><p>Yes. This style uses TAC polarized lenses.</p><h4>Who can wear SVANK Sienna Gallery?</h4><p>This is a gender-inclusive style designed for men, women, and unisex wardrobes.</p><h4>Which face shapes suit this frame?</h4><p>Square frames often add definition to round and oval faces, while personal style always comes first.</p><h4>How does shipping work?</h4><p>Shipping is $5 for one pair. Buy two or more for free shipping in the US and Canada.</p>",SVANK,Apparel & Accessories > Clothing Accessories > Sunglasses,Sunglasses,"SVANK, Sunglasses, Men, Women, Unisex, Square, Bold Artistic, High Fashion, Polarized, Orange, Brown, Unisex Fashion, Rectangle & Square, Color Frames",TRUE,Active,SVANK-8949-2,,Title,Default Title,,,,,,,,34.99,,4.50,TRUE,,,,,,shopify,2,DENY,,,TRUE,manual,https://raw.githubusercontent.com/abhaj-git/VigilantCX/ea70ae905522c4417ec33c20ebc0818b4ee046e9/shopify-products/images/svank-8949-2-1.jpg,1,SVANK 8949-2 sunglasses product image 1,,FALSE,Sienna Gallery Square Sunglasses | SVANK,"Shop SVANK Sienna Gallery, bold artistic square sunglasses in translucent orange with warm brown lenses. Unisex high-fashion eyewear for $34.99.",orange; brown,Apparel & Accessories > Clothing Accessories > Sunglasses,Unisex,Adult (13+ years old),8949-2,,,New,FALSE,Square,Bold Artistic,Polarized,,
,svank-8949-2,,,,,,,,,,,,,,,,,,,,,,,,,,,,,,,,,,,https://raw.githubusercontent.com/abhaj-git/VigilantCX/ea70ae905522c4417ec33c20ebc0818b4ee046e9/shopify-products/images/svank-8949-2-2.jpg,2,SVANK 8949-2 sunglasses product image 2,,,,,,,,,,,,,,,,,,
,svank-8949-2,,,,,,,,,,,,,,,,,,,,,,,,,,,,,,,,,,,https://raw.githubusercontent.com/abhaj-git/VigilantCX/ea70ae905522c4417ec33c20ebc0818b4ee046e9/shopify-products/images/svank-8949-2-3.jpg,3,SVANK 8949-2 sunglasses product image 3,,,,,,,,,,,,,,,,,,
Noir Perspective D-frame Polarized Sunglasses,svank-8943-1,"<p><strong>SVANK Noir Perspective</strong> brings layered retro style to a d-frame silhouette in black, finished with smoky gray lenses. It is accessible high fashion designed to move easily from everyday plans to brighter escapes.</p><h3>Why you’ll love it</h3><ul><li>A d-frame silhouette with a layered retro point of view.</li><li>Black coloring makes the frame easy to style.</li><li>TAC polarized lenses help reduce reflected glare in bright conditions.</li><li>Gender-inclusive styling for men, women, and anyone who makes it their own.</li></ul><h3>Product specifications</h3><ul><li>Shape: D-frame</li><li>Frame color: Black</li><li>Lens color: Smoky gray</li><li>Frame: TR90 with acetate temple</li><li>Lenses: TAC polarized</li><li>Hinge: Metal</li><li>Size: 47-26-145</li><li>Audience: Men, Women, Unisex</li><li>Style code: 8943-1</li></ul><h3>Care instructions</h3><ul><li>Rinse away dust before wiping the lenses.</li><li>Clean with a soft microfiber cloth and lens-safe solution.</li><li>Avoid household cleaners, paper towels, and abrasive fabrics.</li><li>Store in a protective case and avoid prolonged high heat.</li></ul><h3>Frequently asked questions</h3><h4>Are SVANK Noir Perspective sunglasses polarized?</h4><p>Yes. This style uses TAC polarized lenses.</p><h4>Who can wear SVANK Noir Perspective?</h4><p>This is a gender-inclusive style designed for men, women, and unisex wardrobes.</p><h4>Which face shapes suit this frame?</h4><p>D-frames are versatile and often complement round, oval, and heart-shaped faces.</p><h4>How does shipping work?</h4><p>Shipping is $5 for one pair. Buy two or more for free shipping in the US and Canada.</p>",SVANK,Apparel & Accessories > Clothing Accessories > Sunglasses,Sunglasses,"SVANK, Sunglasses, Men, Women, Unisex, D-frame, Layered Retro, High Fashion, Polarized, Black, Unisex Fashion, D-Frame Collection, Black Frames",TRUE,Active,SVANK-8943-1,,Title,Default Title,,,,,,,,34.99,,4.50,TRUE,,,,,,shopify,2,DENY,,,TRUE,manual,https://raw.githubusercontent.com/abhaj-git/VigilantCX/ea70ae905522c4417ec33c20ebc0818b4ee046e9/shopify-products/images/svank-8943-1-1.jpg,1,SVANK 8943-1 sunglasses product image 1,,FALSE,Noir Perspective D-frame Sunglasses | SVANK,"Shop SVANK Noir Perspective, layered retro d-frame sunglasses in black with smoky gray lenses. Unisex high-fashion eyewear for $34.99.",black,Apparel & Accessories > Clothing Accessories > Sunglasses,Unisex,Adult (13+ years old),8943-1,,,New,FALSE,D-frame,Layered Retro,Polarized,,
,svank-8943-1,,,,,,,,,,,,,,,,,,,,,,,,,,,,,,,,,,,https://raw.githubusercontent.com/abhaj-git/VigilantCX/ea70ae905522c4417ec33c20ebc0818b4ee046e9/shopify-products/images/svank-8943-1-2.jpg,2,SVANK 8943-1 sunglasses product image 2,,,,,,,,,,,,,,,,,,
,svank-8943-1,,,,,,,,,,,,,,,,,,,,,,,,,,,,,,,,,,,https://raw.githubusercontent.com/abhaj-git/VigilantCX/ea70ae905522c4417ec33c20ebc0818b4ee046e9/shopify-products/images/svank-8943-1-3.jpg,3,SVANK 8943-1 sunglasses product image 3,,,,,,,,,,,,,,,,,,
Eclipse Atelier Cat-eye Polarized Sunglasses,svank-8907-1,"<p><strong>SVANK Eclipse Atelier</strong> brings sculptural vintage style to a cat-eye silhouette in black with brown accent, finished with smoky gray lenses. It is accessible high fashion designed to move easily from everyday plans to brighter escapes.</p><h3>Why you’ll love it</h3><ul><li>A cat-eye silhouette with a sculptural vintage point of view.</li><li>Black with brown accent coloring makes the frame easy to style.</li><li>TAC polarized lenses help reduce reflected glare in bright conditions.</li><li>Gender-inclusive styling for men, women, and anyone who makes it their own.</li></ul><h3>Product specifications</h3><ul><li>Shape: Cat-eye</li><li>Frame color: Black with brown accent</li><li>Lens color: Smoky gray</li><li>Frame: TR90 with acetate temple</li><li>Lenses: TAC polarized</li><li>Hinge: Metal</li><li>Size: 52-20-145</li><li>Audience: Men, Women, Unisex</li><li>Style code: 8907-1</li></ul><h3>Care instructions</h3><ul><li>Rinse away dust before wiping the lenses.</li><li>Clean with a soft microfiber cloth and lens-safe solution.</li><li>Avoid household cleaners, paper towels, and abrasive fabrics.</li><li>Store in a protective case and avoid prolonged high heat.</li></ul><h3>Frequently asked questions</h3><h4>Are SVANK Eclipse Atelier sunglasses polarized?</h4><p>Yes. This style uses TAC polarized lenses.</p><h4>Who can wear SVANK Eclipse Atelier?</h4><p>This is a gender-inclusive style designed for men, women, and unisex wardrobes.</p><h4>Which face shapes suit this frame?</h4><p>Cat-eye frames add lifted definition and often complement oval, round, and heart-shaped faces.</p><h4>How does shipping work?</h4><p>Shipping is $5 for one pair. Buy two or more for free shipping in the US and Canada.</p>",SVANK,Apparel & Accessories > Clothing Accessories > Sunglasses,Sunglasses,"SVANK, Sunglasses, Men, Women, Unisex, Cat-eye, Sculptural Vintage, High Fashion, Polarized, Black, Brown, Unisex Fashion, Cat-Eye Collection, Black Frames, Color Frames",TRUE,Active,SVANK-8907-1,,Title,Default Title,,,,,,,,34.99,,4.75,TRUE,,,,,,shopify,2,DENY,,,TRUE,manual,https://raw.githubusercontent.com/abhaj-git/VigilantCX/ea70ae905522c4417ec33c20ebc0818b4ee046e9/shopify-products/images/svank-8907-1-1.jpg,1,SVANK 8907-1 sunglasses product image 1,,FALSE,Eclipse Atelier Cat-eye Sunglasses | SVANK,"Shop SVANK Eclipse Atelier, sculptural vintage cat-eye sunglasses in black with brown accent with smoky gray lenses. Unisex high-fashion eyewear for $34.99.",black; brown,Apparel & Accessories > Clothing Accessories > Sunglasses,Unisex,Adult (13+ years old),8907-1,,,New,FALSE,Cat-eye,Sculptural Vintage,Polarized,,
,svank-8907-1,,,,,,,,,,,,,,,,,,,,,,,,,,,,,,,,,,,https://raw.githubusercontent.com/abhaj-git/VigilantCX/ea70ae905522c4417ec33c20ebc0818b4ee046e9/shopify-products/images/svank-8907-1-2.jpg,2,SVANK 8907-1 sunglasses product image 2,,,,,,,,,,,,,,,,,,
,svank-8907-1,,,,,,,,,,,,,,,,,,,,,,,,,,,,,,,,,,,https://raw.githubusercontent.com/abhaj-git/VigilantCX/ea70ae905522c4417ec33c20ebc0818b4ee046e9/shopify-products/images/svank-8907-1-3.jpg,3,SVANK 8907-1 sunglasses product image 3,,,,,,,,,,,,,,,,,,
Midnight Verve D-frame Polarized Sunglasses,svank-8911-1,"<p><strong>SVANK Midnight Verve</strong> brings clean classic style to a d-frame silhouette in black, finished with smoky gray lenses. It is accessible high fashion designed to move easily from everyday plans to brighter escapes.</p><h3>Why you’ll love it</h3><ul><li>A d-frame silhouette with a clean classic point of view.</li><li>Black coloring makes the frame easy to style.</li><li>TAC polarized lenses help reduce reflected glare in bright conditions.</li><li>Gender-inclusive styling for men, women, and anyone who makes it their own.</li></ul><h3>Product specifications</h3><ul><li>Shape: D-frame</li><li>Frame color: Black</li><li>Lens color: Smoky gray</li><li>Frame: TR90 with acetate temple</li><li>Lenses: TAC polarized</li><li>Hinge: Metal</li><li>Size: 47-21-145</li><li>Audience: Men, Women, Unisex</li><li>Style code: 8911-1</li></ul><h3>Care instructions</h3><ul><li>Rinse away dust before wiping the lenses.</li><li>Clean with a soft microfiber cloth and lens-safe solution.</li><li>Avoid household cleaners, paper towels, and abrasive fabrics.</li><li>Store in a protective case and avoid prolonged high heat.</li></ul><h3>Frequently asked questions</h3><h4>Are SVANK Midnight Verve sunglasses polarized?</h4><p>Yes. This style uses TAC polarized lenses.</p><h4>Who can wear SVANK Midnight Verve?</h4><p>This is a gender-inclusive style designed for men, women, and unisex wardrobes.</p><h4>Which face shapes suit this frame?</h4><p>D-frames are versatile and often complement round, oval, and heart-shaped faces.</p><h4>How does shipping work?</h4><p>Shipping is $5 for one pair. Buy two or more for free shipping in the US and Canada.</p>",SVANK,Apparel & Accessories > Clothing Accessories > Sunglasses,Sunglasses,"SVANK, Sunglasses, Men, Women, Unisex, D-frame, Clean Classic, High Fashion, Polarized, Black, Unisex Fashion, D-Frame Collection, Black Frames",TRUE,Active,SVANK-8911-1,,Title,Default Title,,,,,,,,34.99,,4.75,TRUE,,,,,,shopify,2,DENY,,,TRUE,manual,https://raw.githubusercontent.com/abhaj-git/VigilantCX/ea70ae905522c4417ec33c20ebc0818b4ee046e9/shopify-products/images/svank-8911-1-1.jpg,1,SVANK 8911-1 sunglasses product image 1,,FALSE,Midnight Verve D-frame Sunglasses | SVANK,"Shop SVANK Midnight Verve, clean classic d-frame sunglasses in black with smoky gray lenses. Unisex high-fashion eyewear for $34.99.",black,Apparel & Accessories > Clothing Accessories > Sunglasses,Unisex,Adult (13+ years old),8911-1,,,New,FALSE,D-frame,Clean Classic,Polarized,,
,svank-8911-1,,,,,,,,,,,,,,,,,,,,,,,,,,,,,,,,,,,https://raw.githubusercontent.com/abhaj-git/VigilantCX/ea70ae905522c4417ec33c20ebc0818b4ee046e9/shopify-products/images/svank-8911-1-2.jpg,2,SVANK 8911-1 sunglasses product image 2,,,,,,,,,,,,,,,,,,
,svank-8911-1,,,,,,,,,,,,,,,,,,,,,,,,,,,,,,,,,,,https://raw.githubusercontent.com/abhaj-git/VigilantCX/ea70ae905522c4417ec33c20ebc0818b4ee046e9/shopify-products/images/svank-8911-1-3.jpg,3,SVANK 8911-1 sunglasses product image 3,,,,,,,,,,,,,,,,,,
Cobalt Passage Round Polarized Sunglasses,svank-8915-3,"<p><strong>SVANK Cobalt Passage</strong> brings modern navigator style to a round silhouette in translucent navy, finished with gray-green lenses. It is accessible high fashion designed to move easily from everyday plans to brighter escapes.</p><h3>Why you’ll love it</h3><ul><li>A round silhouette with a modern navigator point of view.</li><li>Translucent navy coloring makes the frame easy to style.</li><li>TAC polarized lenses help reduce reflected glare in bright conditions.</li><li>Gender-inclusive styling for men, women, and anyone who makes it their own.</li></ul><h3>Product specifications</h3><ul><li>Shape: Round</li><li>Frame color: Translucent navy</li><li>Lens color: Gray-green</li><li>Frame: TR90 with acetate temple</li><li>Lenses: TAC polarized</li><li>Hinge: Metal</li><li>Size: 48-23-145</li><li>Audience: Men, Women, Unisex</li><li>Style code: 8915-3</li></ul><h3>Care instructions</h3><ul><li>Rinse away dust before wiping the lenses.</li><li>Clean with a soft microfiber cloth and lens-safe solution.</li><li>Avoid household cleaners, paper towels, and abrasive fabrics.</li><li>Store in a protective case and avoid prolonged high heat.</li></ul><h3>Frequently asked questions</h3><h4>Are SVANK Cobalt Passage sunglasses polarized?</h4><p>Yes. This style uses TAC polarized lenses.</p><h4>Who can wear SVANK Cobalt Passage?</h4><p>This is a gender-inclusive style designed for men, women, and unisex wardrobes.</p><h4>Which face shapes suit this frame?</h4><p>Round frames can soften angular features and often complement square and heart-shaped faces.</p><h4>How does shipping work?</h4><p>Shipping is $5 for one pair. Buy two or more for free shipping in the US and Canada.</p>",SVANK,Apparel & Accessories > Clothing Accessories > Sunglasses,Sunglasses,"SVANK, Sunglasses, Men, Women, Unisex, Round, Modern Navigator, High Fashion, Polarized, Blue, Unisex Fashion, Round & Oval, Color Frames",TRUE,Active,SVANK-8915-3,,Title,Default Title,,,,,,,,34.99,,4.75,TRUE,,,,,,shopify,2,DENY,,,TRUE,manual,https://raw.githubusercontent.com/abhaj-git/VigilantCX/ea70ae905522c4417ec33c20ebc0818b4ee046e9/shopify-products/images/svank-8915-3-1.jpg,1,SVANK 8915-3 sunglasses product image 1,,FALSE,Cobalt Passage Round Sunglasses | SVANK,"Shop SVANK Cobalt Passage, modern navigator round sunglasses in translucent navy with gray-green lenses. Unisex high-fashion eyewear for $34.99.",blue,Apparel & Accessories > Clothing Accessories > Sunglasses,Unisex,Adult (13+ years old),8915-3,,,New,FALSE,Round,Modern Navigator,Polarized,,
,svank-8915-3,,,,,,,,,,,,,,,,,,,,,,,,,,,,,,,,,,,https://raw.githubusercontent.com/abhaj-git/VigilantCX/ea70ae905522c4417ec33c20ebc0818b4ee046e9/shopify-products/images/svank-8915-3-2.jpg,2,SVANK 8915-3 sunglasses product image 2,,,,,,,,,,,,,,,,,,
,svank-8915-3,,,,,,,,,,,,,,,,,,,,,,,,,,,,,,,,,,,https://raw.githubusercontent.com/abhaj-git/VigilantCX/ea70ae905522c4417ec33c20ebc0818b4ee046e9/shopify-products/images/svank-8915-3-3.jpg,3,SVANK 8915-3 sunglasses product image 3,,,,,,,,,,,,,,,,,,
Velvet Orbit Oval Polarized Sunglasses,svank-8667-1,"<p><strong>SVANK Velvet Orbit</strong> brings compact retro style to a oval silhouette in black, finished with smoky gray lenses. It is accessible high fashion designed to move easily from everyday plans to brighter escapes.</p><h3>Why you’ll love it</h3><ul><li>A oval silhouette with a compact retro point of view.</li><li>Black coloring makes the frame easy to style.</li><li>TAC polarized lenses help reduce reflected glare in bright conditions.</li><li>Gender-inclusive styling for men, women, and anyone who makes it their own.</li></ul><h3>Product specifications</h3><ul><li>Shape: Oval</li><li>Frame color: Black</li><li>Lens color: Smoky gray</li><li>Frame: Acetate</li><li>Lenses: TAC polarized</li><li>Hinge: Metal</li><li>Size: 33-18-142</li><li>Audience: Men, Women, Unisex</li><li>Style code: 8667-1</li></ul><h3>Care instructions</h3><ul><li>Rinse away dust before wiping the lenses.</li><li>Clean with a soft microfiber cloth and lens-safe solution.</li><li>Avoid household cleaners, paper towels, and abrasive fabrics.</li><li>Store in a protective case and avoid prolonged high heat.</li></ul><h3>Frequently asked questions</h3><h4>Are SVANK Velvet Orbit sunglasses polarized?</h4><p>Yes. This style uses TAC polarized lenses.</p><h4>Who can wear SVANK Velvet Orbit?</h4><p>This is a gender-inclusive style designed for men, women, and unisex wardrobes.</p><h4>Which face shapes suit this frame?</h4><p>Oval frames can soften angular features and work across many face shapes.</p><h4>How does shipping work?</h4><p>Shipping is $5 for one pair. Buy two or more for free shipping in the US and Canada.</p>",SVANK,Apparel & Accessories > Clothing Accessories > Sunglasses,Sunglasses,"SVANK, Sunglasses, Men, Women, Unisex, Oval, Compact Retro, High Fashion, Polarized, Black, Unisex Fashion, Round & Oval, Black Frames",TRUE,Active,SVANK-8667-1,,Title,Default Title,,,,,,,,34.99,,7.10,TRUE,,,,,,shopify,2,DENY,,,TRUE,manual,https://raw.githubusercontent.com/abhaj-git/VigilantCX/ea70ae905522c4417ec33c20ebc0818b4ee046e9/shopify-products/images/svank-8667-1-1.jpg,1,SVANK 8667-1 sunglasses product image 1,,FALSE,Velvet Orbit Oval Sunglasses | SVANK,"Shop SVANK Velvet Orbit, compact retro oval sunglasses in black with smoky gray lenses. Unisex high-fashion eyewear for $34.99.",black,Apparel & Accessories > Clothing Accessories > Sunglasses,Unisex,Adult (13+ years old),8667-1,,,New,FALSE,Oval,Compact Retro,Polarized,,
,svank-8667-1,,,,,,,,,,,,,,,,,,,,,,,,,,,,,,,,,,,https://raw.githubusercontent.com/abhaj-git/VigilantCX/ea70ae905522c4417ec33c20ebc0818b4ee046e9/shopify-products/images/svank-8667-1-2.jpg,2,SVANK 8667-1 sunglasses product image 2,,,,,,,,,,,,,,,,,,
,svank-8667-1,,,,,,,,,,,,,,,,,,,,,,,,,,,,,,,,,,,https://raw.githubusercontent.com/abhaj-git/VigilantCX/ea70ae905522c4417ec33c20ebc0818b4ee046e9/shopify-products/images/svank-8667-1-3.jpg,3,SVANK 8667-1 sunglasses product image 3,,,,,,,,,,,,,,,,,,
Noir Vanguard Rectangle Polarized Sunglasses,svank-8657-1,"<p><strong>SVANK Noir Vanguard</strong> brings narrow futuristic style to a rectangle silhouette in black, finished with smoky gray lenses. It is accessible high fashion designed to move easily from everyday plans to brighter escapes.</p><h3>Why you’ll love it</h3><ul><li>A rectangle silhouette with a narrow futuristic point of view.</li><li>Black coloring makes the frame easy to style.</li><li>TAC polarized lenses help reduce reflected glare in bright conditions.</li><li>Gender-inclusive styling for men, women, and anyone who makes it their own.</li></ul><h3>Product specifications</h3><ul><li>Shape: Rectangle</li><li>Frame color: Black</li><li>Lens color: Smoky gray</li><li>Frame: Acetate</li><li>Lenses: TAC polarized</li><li>Hinge: Metal</li><li>Size: 58-13-145</li><li>Audience: Men, Women, Unisex</li><li>Style code: 8657-1</li></ul><h3>Care instructions</h3><ul><li>Rinse away dust before wiping the lenses.</li><li>Clean with a soft microfiber cloth and lens-safe solution.</li><li>Avoid household cleaners, paper towels, and abrasive fabrics.</li><li>Store in a protective case and avoid prolonged high heat.</li></ul><h3>Frequently asked questions</h3><h4>Are SVANK Noir Vanguard sunglasses polarized?</h4><p>Yes. This style uses TAC polarized lenses.</p><h4>Who can wear SVANK Noir Vanguard?</h4><p>This is a gender-inclusive style designed for men, women, and unisex wardrobes.</p><h4>Which face shapes suit this frame?</h4><p>Rectangle frames often create crisp contrast on round and oval faces, while personal style always comes first.</p><h4>How does shipping work?</h4><p>Shipping is $5 for one pair. Buy two or more for free shipping in the US and Canada.</p>",SVANK,Apparel & Accessories > Clothing Accessories > Sunglasses,Sunglasses,"SVANK, Sunglasses, Men, Women, Unisex, Rectangle, Narrow Futuristic, High Fashion, Polarized, Black, Unisex Fashion, Rectangle & Square, Black Frames",TRUE,Active,SVANK-8657-1,,Title,Default Title,,,,,,,,34.99,,7.55,TRUE,,,,,,shopify,2,DENY,,,TRUE,manual,https://raw.githubusercontent.com/abhaj-git/VigilantCX/ea70ae905522c4417ec33c20ebc0818b4ee046e9/shopify-products/images/svank-8657-1-1.jpg,1,SVANK 8657-1 sunglasses product image 1,,FALSE,Noir Vanguard Rectangle Sunglasses | SVANK,"Shop SVANK Noir Vanguard, narrow futuristic rectangle sunglasses in black with smoky gray lenses. Unisex high-fashion eyewear for $34.99.",black,Apparel & Accessories > Clothing Accessories > Sunglasses,Unisex,Adult (13+ years old),8657-1,,,New,FALSE,Rectangle,Narrow Futuristic,Polarized,,
,svank-8657-1,,,,,,,,,,,,,,,,,,,,,,,,,,,,,,,,,,,https://raw.githubusercontent.com/abhaj-git/VigilantCX/ea70ae905522c4417ec33c20ebc0818b4ee046e9/shopify-products/images/svank-8657-1-2.jpg,2,SVANK 8657-1 sunglasses product image 2,,,,,,,,,,,,,,,,,,
,svank-8657-1,,,,,,,,,,,,,,,,,,,,,,,,,,,,,,,,,,,https://raw.githubusercontent.com/abhaj-git/VigilantCX/ea70ae905522c4417ec33c20ebc0818b4ee046e9/shopify-products/images/svank-8657-1-3.jpg,3,SVANK 8657-1 sunglasses product image 3,,,,,,,,,,,,,,,,,,
Mauve Nocturne Rectangle Polarized Sunglasses,svank-8625-1,"<p><strong>SVANK Mauve Nocturne</strong> brings slim architectural style to a rectangle silhouette in black, finished with smoky mauve lenses. It is accessible high fashion designed to move easily from everyday plans to brighter escapes.</p><h3>Why you’ll love it</h3><ul><li>A rectangle silhouette with a slim architectural point of view.</li><li>Black coloring makes the frame easy to style.</li><li>TAC polarized lenses help reduce reflected glare in bright conditions.</li><li>Gender-inclusive styling for men, women, and anyone who makes it their own.</li></ul><h3>Product specifications</h3><ul><li>Shape: Rectangle</li><li>Frame color: Black</li><li>Lens color: Smoky mauve</li><li>Frame: Acetate</li><li>Lenses: TAC polarized</li><li>Hinge: Metal</li><li>Size: 53-20-145</li><li>Audience: Men, Women, Unisex</li><li>Style code: 8625-1</li></ul><h3>Care instructions</h3><ul><li>Rinse away dust before wiping the lenses.</li><li>Clean with a soft microfiber cloth and lens-safe solution.</li><li>Avoid household cleaners, paper towels, and abrasive fabrics.</li><li>Store in a protective case and avoid prolonged high heat.</li></ul><h3>Frequently asked questions</h3><h4>Are SVANK Mauve Nocturne sunglasses polarized?</h4><p>Yes. This style uses TAC polarized lenses.</p><h4>Who can wear SVANK Mauve Nocturne?</h4><p>This is a gender-inclusive style designed for men, women, and unisex wardrobes.</p><h4>Which face shapes suit this frame?</h4><p>Rectangle frames often create crisp contrast on round and oval faces, while personal style always comes first.</p><h4>How does shipping work?</h4><p>Shipping is $5 for one pair. Buy two or more for free shipping in the US and Canada.</p>",SVANK,Apparel & Accessories > Clothing Accessories > Sunglasses,Sunglasses,"SVANK, Sunglasses, Men, Women, Unisex, Rectangle, Slim Architectural, High Fashion, Polarized, Black, Purple, Unisex Fashion, Rectangle & Square, Black Frames, Color Frames",TRUE,Active,SVANK-8625-1,,Title,Default Title,,,,,,,,34.99,,8.95,TRUE,,,,,,shopify,2,DENY,,,TRUE,manual,https://raw.githubusercontent.com/abhaj-git/VigilantCX/ea70ae905522c4417ec33c20ebc0818b4ee046e9/shopify-products/images/svank-8625-1-1.jpg,1,SVANK 8625-1 sunglasses product image 1,,FALSE,Mauve Nocturne Rectangle Sunglasses | SVANK,"Shop SVANK Mauve Nocturne, slim architectural rectangle sunglasses in black with smoky mauve lenses. Unisex high-fashion eyewear for $34.99.",black; purple,Apparel & Accessories > Clothing Accessories > Sunglasses,Unisex,Adult (13+ years old),8625-1,,,New,FALSE,Rectangle,Slim Architectural,Polarized,,
,svank-8625-1,,,,,,,,,,,,,,,,,,,,,,,,,,,,,,,,,,,https://raw.githubusercontent.com/abhaj-git/VigilantCX/ea70ae905522c4417ec33c20ebc0818b4ee046e9/shopify-products/images/svank-8625-1-2.jpg,2,SVANK 8625-1 sunglasses product image 2,,,,,,,,,,,,,,,,,,
,svank-8625-1,,,,,,,,,,,,,,,,,,,,,,,,,,,,,,,,,,,https://raw.githubusercontent.com/abhaj-git/VigilantCX/ea70ae905522c4417ec33c20ebc0818b4ee046e9/shopify-products/images/svank-8625-1-3.jpg,3,SVANK 8625-1 sunglasses product image 3,,,,,,,,,,,,,,,,,,
Tangerine Salon Round Polarized Sunglasses,svank-8621-2,"<p><strong>SVANK Tangerine Salon</strong> brings bright retro style to a round silhouette in translucent orange, finished with warm brown lenses. It is accessible high fashion designed to move easily from everyday plans to brighter escapes.</p><h3>Why you’ll love it</h3><ul><li>A round silhouette with a bright retro point of view.</li><li>Translucent orange coloring makes the frame easy to style.</li><li>TAC polarized lenses help reduce reflected glare in bright conditions.</li><li>Gender-inclusive styling for men, women, and anyone who makes it their own.</li></ul><h3>Product specifications</h3><ul><li>Shape: Round</li><li>Frame color: Translucent orange</li><li>Lens color: Warm brown</li><li>Frame: Acetate</li><li>Lenses: TAC polarized</li><li>Hinge: Spring</li><li>Size: 48-22-145</li><li>Audience: Men, Women, Unisex</li><li>Style code: 8621-2</li></ul><h3>Care instructions</h3><ul><li>Rinse away dust before wiping the lenses.</li><li>Clean with a soft microfiber cloth and lens-safe solution.</li><li>Avoid household cleaners, paper towels, and abrasive fabrics.</li><li>Store in a protective case and avoid prolonged high heat.</li></ul><h3>Frequently asked questions</h3><h4>Are SVANK Tangerine Salon sunglasses polarized?</h4><p>Yes. This style uses TAC polarized lenses.</p><h4>Who can wear SVANK Tangerine Salon?</h4><p>This is a gender-inclusive style designed for men, women, and unisex wardrobes.</p><h4>Which face shapes suit this frame?</h4><p>Round frames can soften angular features and often complement square and heart-shaped faces.</p><h4>How does shipping work?</h4><p>Shipping is $5 for one pair. Buy two or more for free shipping in the US and Canada.</p>",SVANK,Apparel & Accessories > Clothing Accessories > Sunglasses,Sunglasses,"SVANK, Sunglasses, Men, Women, Unisex, Round, Bright Retro, High Fashion, Polarized, Orange, Brown, Unisex Fashion, Round & Oval, Color Frames",TRUE,Active,SVANK-8621-2,,Title,Default Title,,,,,,,,34.99,,5.50,TRUE,,,,,,shopify,2,DENY,,,TRUE,manual,https://raw.githubusercontent.com/abhaj-git/VigilantCX/ea70ae905522c4417ec33c20ebc0818b4ee046e9/shopify-products/images/svank-8621-2-1.jpg,1,SVANK 8621-2 sunglasses product image 1,,FALSE,Tangerine Salon Round Sunglasses | SVANK,"Shop SVANK Tangerine Salon, bright retro round sunglasses in translucent orange with warm brown lenses. Unisex high-fashion eyewear for $34.99.",orange; brown,Apparel & Accessories > Clothing Accessories > Sunglasses,Unisex,Adult (13+ years old),8621-2,,,New,FALSE,Round,Bright Retro,Polarized,,
,svank-8621-2,,,,,,,,,,,,,,,,,,,,,,,,,,,,,,,,,,,https://raw.githubusercontent.com/abhaj-git/VigilantCX/ea70ae905522c4417ec33c20ebc0818b4ee046e9/shopify-products/images/svank-8621-2-2.jpg,2,SVANK 8621-2 sunglasses product image 2,,,,,,,,,,,,,,,,,,
,svank-8621-2,,,,,,,,,,,,,,,,,,,,,,,,,,,,,,,,,,,https://raw.githubusercontent.com/abhaj-git/VigilantCX/ea70ae905522c4417ec33c20ebc0818b4ee046e9/shopify-products/images/svank-8621-2-3.jpg,3,SVANK 8621-2 sunglasses product image 3,,,,,,,,,,,,,,,,,,
Marine Aura Round Polarized Sunglasses,svank-8613-4,"<p><strong>SVANK Marine Aura</strong> brings color-accented vintage style to a round silhouette in navy with cyan accent, finished with gray-green lenses. It is accessible high fashion designed to move easily from everyday plans to brighter escapes.</p><h3>Why you’ll love it</h3><ul><li>A round silhouette with a color-accented vintage point of view.</li><li>Navy with cyan accent coloring makes the frame easy to style.</li><li>TAC polarized lenses help reduce reflected glare in bright conditions.</li><li>Gender-inclusive styling for men, women, and anyone who makes it their own.</li></ul><h3>Product specifications</h3><ul><li>Shape: Round</li><li>Frame color: Navy with cyan accent</li><li>Lens color: Gray-green</li><li>Frame: Acetate</li><li>Lenses: TAC polarized</li><li>Hinge: Spring</li><li>Size: 47-23-145</li><li>Audience: Men, Women, Unisex</li><li>Style code: 8613-4</li></ul><h3>Care instructions</h3><ul><li>Rinse away dust before wiping the lenses.</li><li>Clean with a soft microfiber cloth and lens-safe solution.</li><li>Avoid household cleaners, paper towels, and abrasive fabrics.</li><li>Store in a protective case and avoid prolonged high heat.</li></ul><h3>Frequently asked questions</h3><h4>Are SVANK Marine Aura sunglasses polarized?</h4><p>Yes. This style uses TAC polarized lenses.</p><h4>Who can wear SVANK Marine Aura?</h4><p>This is a gender-inclusive style designed for men, women, and unisex wardrobes.</p><h4>Which face shapes suit this frame?</h4><p>Round frames can soften angular features and often complement square and heart-shaped faces.</p><h4>How does shipping work?</h4><p>Shipping is $5 for one pair. Buy two or more for free shipping in the US and Canada.</p>",SVANK,Apparel & Accessories > Clothing Accessories > Sunglasses,Sunglasses,"SVANK, Sunglasses, Men, Women, Unisex, Round, Color-Accented Vintage, High Fashion, Polarized, Blue, Cyan, Unisex Fashion, Round & Oval, Color Frames",TRUE,Active,SVANK-8613-4,,Title,Default Title,,,,,,,,34.99,,5.60,TRUE,,,,,,shopify,2,DENY,,,TRUE,manual,https://raw.githubusercontent.com/abhaj-git/VigilantCX/ea70ae905522c4417ec33c20ebc0818b4ee046e9/shopify-products/images/svank-8613-4-1.jpg,1,SVANK 8613-4 sunglasses product image 1,,FALSE,Marine Aura Round Sunglasses | SVANK,"Shop SVANK Marine Aura, color-accented vintage round sunglasses in navy with cyan accent with gray-green lenses. Unisex high-fashion eyewear for $34.99.",blue; cyan,Apparel & Accessories > Clothing Accessories > Sunglasses,Unisex,Adult (13+ years old),8613-4,,,New,FALSE,Round,Color-Accented Vintage,Polarized,,
,svank-8613-4,,,,,,,,,,,,,,,,,,,,,,,,,,,,,,,,,,,https://raw.githubusercontent.com/abhaj-git/VigilantCX/ea70ae905522c4417ec33c20ebc0818b4ee046e9/shopify-products/images/svank-8613-4-2.jpg,2,SVANK 8613-4 sunglasses product image 2,,,,,,,,,,,,,,,,,,
,svank-8613-4,,,,,,,,,,,,,,,,,,,,,,,,,,,,,,,,,,,https://raw.githubusercontent.com/abhaj-git/VigilantCX/ea70ae905522c4417ec33c20ebc0818b4ee046e9/shopify-products/images/svank-8613-4-3.jpg,3,SVANK 8613-4 sunglasses product image 3,,,,,,,,,,,,,,,,,,
Peach Tableau Rectangle Polarized Sunglasses,svank-8605-2,"<p><strong>SVANK Peach Tableau</strong> brings soft contemporary style to a rectangle silhouette in translucent peach, finished with warm brown lenses. It is accessible high fashion designed to move easily from everyday plans to brighter escapes.</p><h3>Why you’ll love it</h3><ul><li>A rectangle silhouette with a soft contemporary point of view.</li><li>Translucent peach coloring makes the frame easy to style.</li><li>TAC polarized lenses help reduce reflected glare in bright conditions.</li><li>Gender-inclusive styling for men, women, and anyone who makes it their own.</li></ul><h3>Product specifications</h3><ul><li>Shape: Rectangle</li><li>Frame color: Translucent peach</li><li>Lens color: Warm brown</li><li>Frame: Acetate</li><li>Lenses: TAC polarized</li><li>Hinge: Metal</li><li>Size: 50-20-145</li><li>Audience: Men, Women, Unisex</li><li>Style code: 8605-2</li></ul><h3>Care instructions</h3><ul><li>Rinse away dust before wiping the lenses.</li><li>Clean with a soft microfiber cloth and lens-safe solution.</li><li>Avoid household cleaners, paper towels, and abrasive fabrics.</li><li>Store in a protective case and avoid prolonged high heat.</li></ul><h3>Frequently asked questions</h3><h4>Are SVANK Peach Tableau sunglasses polarized?</h4><p>Yes. This style uses TAC polarized lenses.</p><h4>Who can wear SVANK Peach Tableau?</h4><p>This is a gender-inclusive style designed for men, women, and unisex wardrobes.</p><h4>Which face shapes suit this frame?</h4><p>Rectangle frames often create crisp contrast on round and oval faces, while personal style always comes first.</p><h4>How does shipping work?</h4><p>Shipping is $5 for one pair. Buy two or more for free shipping in the US and Canada.</p>",SVANK,Apparel & Accessories > Clothing Accessories > Sunglasses,Sunglasses,"SVANK, Sunglasses, Men, Women, Unisex, Rectangle, Soft Contemporary, High Fashion, Polarized, Pink, Peach, Unisex Fashion, Rectangle & Square, Color Frames",TRUE,Active,SVANK-8605-2,,Title,Default Title,,,,,,,,34.99,,7.95,TRUE,,,,,,shopify,2,DENY,,,TRUE,manual,https://raw.githubusercontent.com/abhaj-git/VigilantCX/ea70ae905522c4417ec33c20ebc0818b4ee046e9/shopify-products/images/svank-8605-2-1.jpg,1,SVANK 8605-2 sunglasses product image 1,,FALSE,Peach Tableau Rectangle Sunglasses | SVANK,"Shop SVANK Peach Tableau, soft contemporary rectangle sunglasses in translucent peach with warm brown lenses. Unisex high-fashion eyewear for $34.99.",pink; peach,Apparel & Accessories > Clothing Accessories > Sunglasses,Unisex,Adult (13+ years old),8605-2,,,New,FALSE,Rectangle,Soft Contemporary,Polarized,,
,svank-8605-2,,,,,,,,,,,,,,,,,,,,,,,,,,,,,,,,,,,https://raw.githubusercontent.com/abhaj-git/VigilantCX/ea70ae905522c4417ec33c20ebc0818b4ee046e9/shopify-products/images/svank-8605-2-2.jpg,2,SVANK 8605-2 sunglasses product image 2,,,,,,,,,,,,,,,,,,
,svank-8605-2,,,,,,,,,,,,,,,,,,,,,,,,,,,,,,,,,,,https://raw.githubusercontent.com/abhaj-git/VigilantCX/ea70ae905522c4417ec33c20ebc0818b4ee046e9/shopify-products/images/svank-8605-2-3.jpg,3,SVANK 8605-2 sunglasses product image 3,,,,,,,,,,,,,,,,,,
Crimson Outline Rectangle Polarized Sunglasses,svank-8611-11,"<p><strong>SVANK Crimson Outline</strong> brings layered modern style to a rectangle silhouette in translucent charcoal with red accent, finished with smoky gray lenses. It is accessible high fashion designed to move easily from everyday plans to brighter escapes.</p><h3>Why you’ll love it</h3><ul><li>A rectangle silhouette with a layered modern point of view.</li><li>Translucent charcoal with red accent coloring makes the frame easy to style.</li><li>TAC polarized lenses help reduce reflected glare in bright conditions.</li><li>Gender-inclusive styling for men, women, and anyone who makes it their own.</li></ul><h3>Product specifications</h3><ul><li>Shape: Rectangle</li><li>Frame color: Translucent charcoal with red accent</li><li>Lens color: Smoky gray</li><li>Frame: Acetate</li><li>Lenses: TAC polarized</li><li>Hinge: Metal</li><li>Audience: Men, Women, Unisex</li><li>Style code: 8611-11</li></ul><h3>Care instructions</h3><ul><li>Rinse away dust before wiping the lenses.</li><li>Clean with a soft microfiber cloth and lens-safe solution.</li><li>Avoid household cleaners, paper towels, and abrasive fabrics.</li><li>Store in a protective case and avoid prolonged high heat.</li></ul><h3>Frequently asked questions</h3><h4>Are SVANK Crimson Outline sunglasses polarized?</h4><p>Yes. This style uses TAC polarized lenses.</p><h4>Who can wear SVANK Crimson Outline?</h4><p>This is a gender-inclusive style designed for men, women, and unisex wardrobes.</p><h4>Which face shapes suit this frame?</h4><p>Rectangle frames often create crisp contrast on round and oval faces, while personal style always comes first.</p><h4>How does shipping work?</h4><p>Shipping is $5 for one pair. Buy two or more for free shipping in the US and Canada.</p>",SVANK,Apparel & Accessories > Clothing Accessories > Sunglasses,Sunglasses,"SVANK, Sunglasses, Men, Women, Unisex, Rectangle, Layered Modern, High Fashion, Polarized, Gray, Red, Unisex Fashion, Rectangle & Square, Color Frames",TRUE,Active,SVANK-8611-11,,Title,Default Title,,,,,,,,34.99,,8.75,TRUE,,,,,,shopify,2,DENY,,,TRUE,manual,https://raw.githubusercontent.com/abhaj-git/VigilantCX/ea70ae905522c4417ec33c20ebc0818b4ee046e9/shopify-products/images/svank-8611-11-1.jpg,1,SVANK 8611-11 sunglasses product image 1,,FALSE,Crimson Outline Rectangle Sunglasses | SVANK,"Shop SVANK Crimson Outline, layered modern rectangle sunglasses in translucent charcoal with red accent with smoky gray lenses. Unisex high-fashion eyewear...",gray; red,Apparel & Accessories > Clothing Accessories > Sunglasses,Unisex,Adult (13+ years old),8611-11,,,New,FALSE,Rectangle,Layered Modern,Polarized,,
,svank-8611-11,,,,,,,,,,,,,,,,,,,,,,,,,,,,,,,,,,,https://raw.githubusercontent.com/abhaj-git/VigilantCX/ea70ae905522c4417ec33c20ebc0818b4ee046e9/shopify-products/images/svank-8611-11-2.jpg,2,SVANK 8611-11 sunglasses product image 2,,,,,,,,,,,,,,,,,,
,svank-8611-11,,,,,,,,,,,,,,,,,,,,,,,,,,,,,,,,,,,https://raw.githubusercontent.com/abhaj-git/VigilantCX/ea70ae905522c4417ec33c20ebc0818b4ee046e9/shopify-products/images/svank-8611-11-3.jpg,3,SVANK 8611-11 sunglasses product image 3,,,,,,,,,,,,,,,,,,
Obsidian Form Rectangle Polarized Sunglasses,svank-8605-1,"<p><strong>SVANK Obsidian Form</strong> brings oversized sculptural style to a rectangle silhouette in black, finished with smoky gray lenses. It is accessible high fashion designed to move easily from everyday plans to brighter escapes.</p><h3>Why you’ll love it</h3><ul><li>A rectangle silhouette with a oversized sculptural point of view.</li><li>Black coloring makes the frame easy to style.</li><li>TAC polarized lenses help reduce reflected glare in bright conditions.</li><li>Gender-inclusive styling for men, women, and anyone who makes it their own.</li></ul><h3>Product specifications</h3><ul><li>Shape: Rectangle</li><li>Frame color: Black</li><li>Lens color: Smoky gray</li><li>Frame: Acetate</li><li>Lenses: TAC polarized</li><li>Hinge: Metal</li><li>Size: 50-20-145</li><li>Audience: Men, Women, Unisex</li><li>Style code: 8605-1</li></ul><h3>Care instructions</h3><ul><li>Rinse away dust before wiping the lenses.</li><li>Clean with a soft microfiber cloth and lens-safe solution.</li><li>Avoid household cleaners, paper towels, and abrasive fabrics.</li><li>Store in a protective case and avoid prolonged high heat.</li></ul><h3>Frequently asked questions</h3><h4>Are SVANK Obsidian Form sunglasses polarized?</h4><p>Yes. This style uses TAC polarized lenses.</p><h4>Who can wear SVANK Obsidian Form?</h4><p>This is a gender-inclusive style designed for men, women, and unisex wardrobes.</p><h4>Which face shapes suit this frame?</h4><p>Rectangle frames often create crisp contrast on round and oval faces, while personal style always comes first.</p><h4>How does shipping work?</h4><p>Shipping is $5 for one pair. Buy two or more for free shipping in the US and Canada.</p>",SVANK,Apparel & Accessories > Clothing Accessories > Sunglasses,Sunglasses,"SVANK, Sunglasses, Men, Women, Unisex, Rectangle, Oversized Sculptural, High Fashion, Polarized, Black, Unisex Fashion, Rectangle & Square, Black Frames",TRUE,Active,SVANK-8605-1,,Title,Default Title,,,,,,,,34.99,,7.95,TRUE,,,,,,shopify,2,DENY,,,TRUE,manual,https://raw.githubusercontent.com/abhaj-git/VigilantCX/ea70ae905522c4417ec33c20ebc0818b4ee046e9/shopify-products/images/svank-8605-1-1.jpg,1,SVANK 8605-1 sunglasses product image 1,,FALSE,Obsidian Form Rectangle Sunglasses | SVANK,"Shop SVANK Obsidian Form, oversized sculptural rectangle sunglasses in black with smoky gray lenses. Unisex high-fashion eyewear for $34.99.",black,Apparel & Accessories > Clothing Accessories > Sunglasses,Unisex,Adult (13+ years old),8605-1,,,New,FALSE,Rectangle,Oversized Sculptural,Polarized,,
,svank-8605-1,,,,,,,,,,,,,,,,,,,,,,,,,,,,,,,,,,,https://raw.githubusercontent.com/abhaj-git/VigilantCX/ea70ae905522c4417ec33c20ebc0818b4ee046e9/shopify-products/images/svank-8605-1-2.jpg,2,SVANK 8605-1 sunglasses product image 2,,,,,,,,,,,,,,,,,,
,svank-8605-1,,,,,,,,,,,,,,,,,,,,,,,,,,,,,,,,,,,https://raw.githubusercontent.com/abhaj-git/VigilantCX/ea70ae905522c4417ec33c20ebc0818b4ee046e9/shopify-products/images/svank-8605-1-3.jpg,3,SVANK 8605-1 sunglasses product image 3,,,,,,,,,,,,,,,,,,
Noir Structure Rectangle Polarized Sunglasses,svank-a1439-1,"<p><strong>SVANK Noir Structure</strong> brings chunky architectural style to a rectangle silhouette in black, finished with smoky gray lenses. It is accessible high fashion designed to move easily from everyday plans to brighter escapes.</p><h3>Why you’ll love it</h3><ul><li>A rectangle silhouette with a chunky architectural point of view.</li><li>Black coloring makes the frame easy to style.</li><li>TAC polarized lenses help reduce reflected glare in bright conditions.</li><li>Gender-inclusive styling for men, women, and anyone who makes it their own.</li></ul><h3>Product specifications</h3><ul><li>Shape: Rectangle</li><li>Frame color: Black</li><li>Lens color: Smoky gray</li><li>Frame: Acetate</li><li>Lenses: TAC polarized</li><li>Hinge: Metal</li><li>Size: 54-20-145</li><li>Audience: Men, Women, Unisex</li><li>Style code: A1439-1</li></ul><h3>Care instructions</h3><ul><li>Rinse away dust before wiping the lenses.</li><li>Clean with a soft microfiber cloth and lens-safe solution.</li><li>Avoid household cleaners, paper towels, and abrasive fabrics.</li><li>Store in a protective case and avoid prolonged high heat.</li></ul><h3>Frequently asked questions</h3><h4>Are SVANK Noir Structure sunglasses polarized?</h4><p>Yes. This style uses TAC polarized lenses.</p><h4>Who can wear SVANK Noir Structure?</h4><p>This is a gender-inclusive style designed for men, women, and unisex wardrobes.</p><h4>Which face shapes suit this frame?</h4><p>Rectangle frames often create crisp contrast on round and oval faces, while personal style always comes first.</p><h4>How does shipping work?</h4><p>Shipping is $5 for one pair. Buy two or more for free shipping in the US and Canada.</p>",SVANK,Apparel & Accessories > Clothing Accessories > Sunglasses,Sunglasses,"SVANK, Sunglasses, Men, Women, Unisex, Rectangle, Chunky Architectural, High Fashion, Polarized, Black, Unisex Fashion, Rectangle & Square, Black Frames",TRUE,Active,SVANK-A1439-1,,Title,Default Title,,,,,,,,34.99,,7.95,TRUE,,,,,,shopify,2,DENY,,,TRUE,manual,https://raw.githubusercontent.com/abhaj-git/VigilantCX/ea70ae905522c4417ec33c20ebc0818b4ee046e9/shopify-products/images/svank-a1439-1-1.jpg,1,SVANK A1439-1 sunglasses product image 1,,FALSE,Noir Structure Rectangle Sunglasses | SVANK,"Shop SVANK Noir Structure, chunky architectural rectangle sunglasses in black with smoky gray lenses. Unisex high-fashion eyewear for $34.99.",black,Apparel & Accessories > Clothing Accessories > Sunglasses,Unisex,Adult (13+ years old),A1439-1,,,New,FALSE,Rectangle,Chunky Architectural,Polarized,,
,svank-a1439-1,,,,,,,,,,,,,,,,,,,,,,,,,,,,,,,,,,,https://raw.githubusercontent.com/abhaj-git/VigilantCX/ea70ae905522c4417ec33c20ebc0818b4ee046e9/shopify-products/images/svank-a1439-1-2.jpg,2,SVANK A1439-1 sunglasses product image 2,,,,,,,,,,,,,,,,,,
,svank-a1439-1,,,,,,,,,,,,,,,,,,,,,,,,,,,,,,,,,,,https://raw.githubusercontent.com/abhaj-git/VigilantCX/ea70ae905522c4417ec33c20ebc0818b4ee046e9/shopify-products/images/svank-a1439-1-3.jpg,3,SVANK A1439-1 sunglasses product image 3,,,,,,,,,,,,,,,,,,
Midnight Flourish Cat-eye Polarized Sunglasses,svank-8058-1,"<p><strong>SVANK Midnight Flourish</strong> brings sharp refined style to a cat-eye silhouette in black, finished with smoky gray lenses. It is accessible high fashion designed to move easily from everyday plans to brighter escapes.</p><h3>Why you’ll love it</h3><ul><li>A cat-eye silhouette with a sharp refined point of view.</li><li>Black coloring makes the frame easy to style.</li><li>TAC polarized lenses help reduce reflected glare in bright conditions.</li><li>Gender-inclusive styling for men, women, and anyone who makes it their own.</li></ul><h3>Product specifications</h3><ul><li>Shape: Cat-eye</li><li>Frame color: Black</li><li>Lens color: Smoky gray</li><li>Frame: Acetate</li><li>Lenses: TAC polarized</li><li>Hinge: Metal</li><li>Audience: Men, Women, Unisex</li><li>Style code: 8058-1</li></ul><h3>Care instructions</h3><ul><li>Rinse away dust before wiping the lenses.</li><li>Clean with a soft microfiber cloth and lens-safe solution.</li><li>Avoid household cleaners, paper towels, and abrasive fabrics.</li><li>Store in a protective case and avoid prolonged high heat.</li></ul><h3>Frequently asked questions</h3><h4>Are SVANK Midnight Flourish sunglasses polarized?</h4><p>Yes. This style uses TAC polarized lenses.</p><h4>Who can wear SVANK Midnight Flourish?</h4><p>This is a gender-inclusive style designed for men, women, and unisex wardrobes.</p><h4>Which face shapes suit this frame?</h4><p>Cat-eye frames add lifted definition and often complement oval, round, and heart-shaped faces.</p><h4>How does shipping work?</h4><p>Shipping is $5 for one pair. Buy two or more for free shipping in the US and Canada.</p>",SVANK,Apparel & Accessories > Clothing Accessories > Sunglasses,Sunglasses,"SVANK, Sunglasses, Men, Women, Unisex, Cat-eye, Sharp Refined, High Fashion, Polarized, Black, Unisex Fashion, Cat-Eye Collection, Black Frames",TRUE,Active,SVANK-8058-1,,Title,Default Title,,,,,,,,34.99,,7.55,TRUE,,,,,,shopify,2,DENY,,,TRUE,manual,https://raw.githubusercontent.com/abhaj-git/VigilantCX/ea70ae905522c4417ec33c20ebc0818b4ee046e9/shopify-products/images/svank-8058-1-1.jpg,1,SVANK 8058-1 sunglasses product image 1,,FALSE,Midnight Flourish Cat-eye Sunglasses | SVANK,"Shop SVANK Midnight Flourish, sharp refined cat-eye sunglasses in black with smoky gray lenses. Unisex high-fashion eyewear for $34.99.",black,Apparel & Accessories > Clothing Accessories > Sunglasses,Unisex,Adult (13+ years old),8058-1,,,New,FALSE,Cat-eye,Sharp Refined,Polarized,,
,svank-8058-1,,,,,,,,,,,,,,,,,,,,,,,,,,,,,,,,,,,https://raw.githubusercontent.com/abhaj-git/VigilantCX/ea70ae905522c4417ec33c20ebc0818b4ee046e9/shopify-products/images/svank-8058-1-2.jpg,2,SVANK 8058-1 sunglasses product image 2,,,,,,,,,,,,,,,,,,
,svank-8058-1,,,,,,,,,,,,,,,,,,,,,,,,,,,,,,,,,,,https://raw.githubusercontent.com/abhaj-git/VigilantCX/ea70ae905522c4417ec33c20ebc0818b4ee046e9/shopify-products/images/svank-8058-1-3.jpg,3,SVANK 8058-1 sunglasses product image 3,,,,,,,,,,,,,,,,,,
Shadow Edition Rectangle Polarized Sunglasses,svank-883301s-c01,"<p><strong>SVANK Shadow Edition</strong> brings compact contemporary style to a rectangle silhouette in black, finished with smoky gray lenses. It is accessible high fashion designed to move easily from everyday plans to brighter escapes.</p><h3>Why you’ll love it</h3><ul><li>A rectangle silhouette with a compact contemporary point of view.</li><li>Black coloring makes the frame easy to style.</li><li>TAC polarized lenses help reduce reflected glare in bright conditions.</li><li>Gender-inclusive styling for men, women, and anyone who makes it their own.</li></ul><h3>Product specifications</h3><ul><li>Shape: Rectangle</li><li>Frame color: Black</li><li>Lens color: Smoky gray</li><li>Frame: Acetate</li><li>Lenses: TAC polarized</li><li>Hinge: Metal</li><li>Size: 48-23-145</li><li>Audience: Men, Women, Unisex</li><li>Style code: 883301S-C01</li></ul><h3>Care instructions</h3><ul><li>Rinse away dust before wiping the lenses.</li><li>Clean with a soft microfiber cloth and lens-safe solution.</li><li>Avoid household cleaners, paper towels, and abrasive fabrics.</li><li>Store in a protective case and avoid prolonged high heat.</li></ul><h3>Frequently asked questions</h3><h4>Are SVANK Shadow Edition sunglasses polarized?</h4><p>Yes. This style uses TAC polarized lenses.</p><h4>Who can wear SVANK Shadow Edition?</h4><p>This is a gender-inclusive style designed for men, women, and unisex wardrobes.</p><h4>Which face shapes suit this frame?</h4><p>Rectangle frames often create crisp contrast on round and oval faces, while personal style always comes first.</p><h4>How does shipping work?</h4><p>Shipping is $5 for one pair. Buy two or more for free shipping in the US and Canada.</p>",SVANK,Apparel & Accessories > Clothing Accessories > Sunglasses,Sunglasses,"SVANK, Sunglasses, Men, Women, Unisex, Rectangle, Compact Contemporary, High Fashion, Polarized, Black, Unisex Fashion, Rectangle & Square, Black Frames",TRUE,Active,SVANK-883301S-C01,,Title,Default Title,,,,,,,,34.99,,8.95,TRUE,,,,,,shopify,2,DENY,,,TRUE,manual,https://raw.githubusercontent.com/abhaj-git/VigilantCX/ea70ae905522c4417ec33c20ebc0818b4ee046e9/shopify-products/images/svank-883301s-c01-1.jpg,1,SVANK 883301S-C01 sunglasses product image 1,,FALSE,Shadow Edition Rectangle Sunglasses | SVANK,"Shop SVANK Shadow Edition, compact contemporary rectangle sunglasses in black with smoky gray lenses. Unisex high-fashion eyewear for $34.99.",black,Apparel & Accessories > Clothing Accessories > Sunglasses,Unisex,Adult (13+ years old),883301S-C01,,,New,FALSE,Rectangle,Compact Contemporary,Polarized,,
Onyx Sculpture Geometric Polarized Sunglasses,svank-882281s-c01,"<p><strong>SVANK Onyx Sculpture</strong> brings faceted statement style to a geometric silhouette in black, finished with smoky gray lenses. It is accessible high fashion designed to move easily from everyday plans to brighter escapes.</p><h3>Why you’ll love it</h3><ul><li>A geometric silhouette with a faceted statement point of view.</li><li>Black coloring makes the frame easy to style.</li><li>TAC polarized lenses help reduce reflected glare in bright conditions.</li><li>Gender-inclusive styling for men, women, and anyone who makes it their own.</li></ul><h3>Product specifications</h3><ul><li>Shape: Geometric</li><li>Frame color: Black</li><li>Lens color: Smoky gray</li><li>Frame: Acetate</li><li>Lenses: TAC polarized</li><li>Hinge: Metal</li><li>Size: 44-28-145</li><li>Audience: Men, Women, Unisex</li><li>Style code: 882281S-C01</li></ul><h3>Care instructions</h3><ul><li>Rinse away dust before wiping the lenses.</li><li>Clean with a soft microfiber cloth and lens-safe solution.</li><li>Avoid household cleaners, paper towels, and abrasive fabrics.</li><li>Store in a protective case and avoid prolonged high heat.</li></ul><h3>Frequently asked questions</h3><h4>Are SVANK Onyx Sculpture sunglasses polarized?</h4><p>Yes. This style uses TAC polarized lenses.</p><h4>Who can wear SVANK Onyx Sculpture?</h4><p>This is a gender-inclusive style designed for men, women, and unisex wardrobes.</p><h4>Which face shapes suit this frame?</h4><p>Geometric frames add architectural contrast and often complement round and oval faces.</p><h4>How does shipping work?</h4><p>Shipping is $5 for one pair. Buy two or more for free shipping in the US and Canada.</p>",SVANK,Apparel & Accessories > Clothing Accessories > Sunglasses,Sunglasses,"SVANK, Sunglasses, Men, Women, Unisex, Geometric, Faceted Statement, High Fashion, Polarized, Black, Unisex Fashion, Geometric & Browline, Black Frames",TRUE,Active,SVANK-882281S-C01,,Title,Default Title,,,,,,,,34.99,,8.95,TRUE,,,,,,shopify,2,DENY,,,TRUE,manual,https://raw.githubusercontent.com/abhaj-git/VigilantCX/ea70ae905522c4417ec33c20ebc0818b4ee046e9/shopify-products/images/svank-882281s-c01-1.jpg,1,SVANK 882281S-C01 sunglasses product image 1,,FALSE,Onyx Sculpture Geometric Sunglasses | SVANK,"Shop SVANK Onyx Sculpture, faceted statement geometric sunglasses in black with smoky gray lenses. Unisex high-fashion eyewear for $34.99.",black,Apparel & Accessories > Clothing Accessories > Sunglasses,Unisex,Adult (13+ years old),882281S-C01,,,New,FALSE,Geometric,Faceted Statement,Polarized,,
,svank-882281s-c01,,,,,,,,,,,,,,,,,,,,,,,,,,,,,,,,,,,https://raw.githubusercontent.com/abhaj-git/VigilantCX/ea70ae905522c4417ec33c20ebc0818b4ee046e9/shopify-products/images/svank-882281s-c01-2.jpg,2,SVANK 882281S-C01 sunglasses product image 2,,,,,,,,,,,,,,,,,,
,svank-882281s-c01,,,,,,,,,,,,,,,,,,,,,,,,,,,,,,,,,,,https://raw.githubusercontent.com/abhaj-git/VigilantCX/ea70ae905522c4417ec33c20ebc0818b4ee046e9/shopify-products/images/svank-882281s-c01-3.jpg,3,SVANK 882281S-C01 sunglasses product image 3,,,,,,,,,,,,,,,,,,
